"","baseMean","log2FoldChange","lfcSE","stat","pvalue","padj","gene_symbol"
"ENSG00000060718",191.694693969992,5.03401320773602,0.524921190163206,9.59003618461443,8.80541262883284e-22,2.21288824775198e-17,"COL11A1"
"ENSG00000148848",120.963637735178,3.86150019524605,0.411854935903364,9.37587450973782,6.86046609340512e-21,8.6205186696682e-17,"ADAM12"
"ENSG00000103888",621.468675623404,3.77042893560776,0.40919778379299,9.21419686259883,3.13617217954657e-20,2.62717143480617e-16,"CEMIP"
"ENSG00000196611",288.073650127495,5.13944726598772,0.578526040650871,8.883692184721,6.46770944422984e-19,4.0635001510735e-15,"MMP1"
"ENSG00000122641",254.235426402551,4.31097479609301,0.50909157438371,8.46797514044842,2.49695583949209e-17,1.25501994404552e-13,"INHBA"
"ENSG00000078098",91.8397828725691,3.74044447937858,0.448391400321104,8.34191841480446,7.30948790822288e-17,3.06157901035915e-13,"FAP"
"ENSG00000132693",2732.42008340534,-6.85013273082377,0.864504118479583,-7.92377107800389,2.30413651427541e-15,7.56652958410622e-12,"CRP"
"ENSG00000130649",3327.55082403458,-6.43719120988294,0.81295577516504,-7.9182550964425,2.40866804635111e-15,7.56652958410622e-12,"CYP2E1"
"ENSG00000164379",234.251305702289,4.57039611208132,0.57994726439353,7.88070983809317,3.25526447582443e-15,9.08978350466043e-12,"FOXQ1"
"ENSG00000164932",191.065270015541,3.42563278151323,0.438259475712812,7.8164488650053,5.43343753192708e-15,1.36547718614859e-11,"CTHRC1"
"ENSG00000123500",113.426118327632,5.41291118073983,0.696111367199641,7.77592700793728,7.48968861369669e-15,1.68354920744079e-11,"COL10A1"
"ENSG00000172031",23.2195689707795,4.03413103804837,0.51982207261606,7.76059973318596,8.45287013181361e-15,1.68354920744079e-11,"EPHX4"
"ENSG00000105989",35.2004761169444,4.73221625465289,0.610072009431218,7.75681588648007,8.70882165322919e-15,1.68354920744079e-11,"WNT2"
"ENSG00000110169",2938.72530076944,-6.13296496752717,0.793770227781054,-7.72637314033757,1.10653965106415e-14,1.98631771220665e-11,"HPX"
"ENSG00000011201",44.5447108453764,2.50247328826562,0.327550325896264,7.63996580195179,2.17279443830288e-14,3.64029980193265e-11,"ANOS1"
"ENSG00000149968",119.357522089936,5.01652288391378,0.658873047843315,7.61379282448164,2.66167322633945e-14,4.05000631786887e-11,"MMP3"
"ENSG00000110245",1475.85444637166,-7.32666201207455,0.962759854962118,-7.61006181792119,2.73964853781269e-14,4.05000631786887e-11,"APOC3"
"ENSG00000151388",157.961966936256,2.9175144566344,0.385212474543889,7.57377979539444,3.6251870412765e-14,4.88662234574874e-11,"ADAMTS12"
"ENSG00000106483",152.650669663334,3.92800962449307,0.518842820883925,7.57071210468158,3.71183840412453e-14,4.88662234574874e-11,"SFRP4"
"ENSG00000171560",15401.8331639864,-6.70099306221339,0.886364331794269,-7.56008880529811,4.02794263036792e-14,4.88662234574874e-11,"FGA"
"ENSG00000145321",2492.72787210094,-7.04330026822897,0.931861656687093,-7.55831106225461,4.08336593294033e-14,4.88662234574874e-11,"GC"
"ENSG00000104760",1650.38866461,-6.94096192786494,0.922550090669898,-7.52366944414351,5.32598979481668e-14,6.08397497879718e-11,"FGL1"
"ENSG00000084674",3377.14018574101,-6.45273396106453,0.859423349604822,-7.50821345967807,5.99397132332674e-14,6.54932579680541e-11,"APOB"
"ENSG00000108821",13689.293500443,2.87118685465892,0.382968250188637,7.4971929219842,6.51989849200514e-14,6.82714870844088e-11,"COL1A1"
"ENSG00000257017",9083.89105571243,-6.33147485850162,0.85642191285035,-7.39293888152529,1.43618502527217e-13,1.44371063480459e-10,"HP"
"ENSG00000225614",65.6973075507911,2.20999649723132,0.303785013983972,7.27487004131124,3.46754106541057e-13,3.35164517364742e-10,"ZNF469"
"ENSG00000118137",4926.63755258765,-6.40942146089472,0.886573625523919,-7.22942943075606,4.85027462066323e-13,4.51452783303288e-10,"APOA1"
"ENSG00000131389",773.237876022805,2.12969814853278,0.297103797738222,7.16819564322519,7.59926536289391e-13,6.82061206553167e-10,"SLC6A6"
"ENSG00000055957",1741.93144542604,-6.72978222661975,0.939482650244657,-7.16328526648917,7.87662027912279e-13,6.82577049084948e-10,"ITIH1"
"ENSG00000122194",2102.39956634211,-6.76277649727714,0.95335617740555,-7.09365152033866,1.30618796358815e-12,1.09419365709779e-09,"PLG"
"ENSG00000144810",229.239749168969,2.77165616580247,0.391057554728392,7.08759141024016,1.36466164436721e-12,1.10630038014814e-09,"COL8A1"
"ENSG00000163347",648.202708881324,3.3759655892317,0.478330272898912,7.05781293910526,1.69143538443256e-12,1.29741016576488e-09,"CLDN1"
"ENSG00000124731",52.440527652283,3.39614551466405,0.481257732646864,7.05681235704126,1.70365427043258e-12,1.29741016576488e-09,"TREM1"
"ENSG00000101187",272.776501082426,2.45420908339714,0.354651177807977,6.92006466344222,4.51437534051488e-12,3.33678725536704e-09,"SLCO4A1"
"ENSG00000006327",253.080869644436,2.27332276915324,0.33054360419147,6.87752762517951,6.09002160723675e-12,4.37280951461334e-09,"TNFRSF12A"
"ENSG00000137573",1539.17739218135,2.49587312676906,0.364576915928502,6.84594393589783,7.59732303428387e-12,5.27891927033711e-09,"SULF1"
"ENSG00000255874",30.9650697221898,2.44241830233699,0.356938423176361,6.84268810458157,7.77207484789594e-12,5.27891927033711e-09,"PRECSIT"
"ENSG00000018280",78.6787918718006,2.58313913748249,0.377902430765151,6.83546579007796,8.17390036952639e-12,5.40574447859389e-09,"SLC11A1"
"ENSG00000105664",98.8346931641249,5.50526632533903,0.806247227315999,6.82826078505235,8.59502401777644e-12,5.5385012459164e-09,"COMP"
"ENSG00000113600",1061.11442838489,-6.65226743812821,0.975705848186752,-6.81790259891417,9.2379236734995e-12,5.8039564959679e-09,"C9"
"ENSG00000088882",110.507019674338,2.53572011047998,0.374117008268197,6.77787979278978,1.21952247002379e-11,7.41117264380052e-09,"CPXM1"
"ENSG00000128578",32.6920646932519,2.42220417165538,0.357487260565948,6.77563773271451,1.23858680927787e-11,7.41117264380052e-09,"STRIP2"
"ENSG00000176971",61.3584793085297,2.07052392421978,0.30745902720019,6.73430844777777,1.64711435016573e-11,9.62642575209649e-09,"FIBIN"
"ENSG00000099953",496.239784777457,3.15979111471561,0.469528975168616,6.72970419680888,1.70008347832672e-11,9.71018133950653e-09,"MMP11"
"ENSG00000109072",2690.49709033269,-6.26831550287604,0.932033316150749,-6.72541999760681,1.7508667134722e-11,9.77800697250443e-09,"VTN"
"ENSG00000204262",1537.17073394594,1.91859625914929,0.286459115966233,6.69762682426014,2.11831368177228e-11,1.15729002470911e-08,"COL5A2"
"ENSG00000162849",70.2500666808244,2.95120894246414,0.4411359506295,6.69002138287021,2.23137989976624e-11,1.19312358002181e-08,"KIF26B"
"ENSG00000138115",554.83675956186,-5.40791243272436,0.810101557479212,-6.67559811828054,2.46225860745655e-11,1.28497713292851e-08,"CYP2C8"
"ENSG00000049192",17.1848967532126,1.96982402098855,0.295191001612104,6.67304900972895,2.50542674439922e-11,1.28497713292851e-08,"ADAMTS6"
"ENSG00000117122",65.7170329191893,2.33565274997063,0.352808302151204,6.62017513683572,3.58773546535394e-11,1.8032675995962e-08,"MFAP2"
"ENSG00000162267",1855.15825577955,-5.03252667841192,0.765232530111451,-6.57646725718647,4.81757024890375e-11,2.37392858676863e-08,"ITIH3"
"ENSG00000029153",130.016490632426,1.68587849388487,0.256981958584963,6.56029903098233,5.36999822457867e-11,2.5952581804209e-08,"BMAL2"
"ENSG00000091879",75.2463060873509,2.00842760083295,0.306288033989156,6.5573165711856,5.47846335607734e-11,2.59772193587886e-08,"ANGPT2"
"ENSG00000132703",649.129559524774,-6.91613985200168,1.05695054608308,-6.54348481831243,6.01015886073204e-11,2.77134677236592e-08,"APCS"
"ENSG00000275216",30.3032873094309,4.50571472156505,0.688723692437306,6.54212243754806,6.06518134893661e-11,2.77134677236592e-08,NA
"ENSG00000164692",10515.6262638377,2.07682878249304,0.318167525159105,6.52746939353564,6.68901702822168e-11,3.00181583814712e-08,"COL1A2"
"ENSG00000139515",86.8458406750841,3.57911476416864,0.549969856618972,6.50783805892894,7.62400399813922e-11,3.36138323644275e-08,"PDX1"
"ENSG00000198759",34.1004524440849,3.5466172438484,0.548471360334044,6.46636725332085,1.00386932867887e-10,4.34969656879803e-08,"EGFL6"
"ENSG00000107159",104.494507467123,3.98975753935055,0.6187229079673,6.44837533567032,1.1305550080534e-10,4.81558947582883e-08,"CA9"
"ENSG00000229314",2025.85216500944,-5.61611176032495,0.871625587276477,-6.44326169665731,1.16932811442124e-10,4.89773080725338e-08,"ORM1"
"ENSG00000170509",198.223858372043,-5.37856069045448,0.836419613307478,-6.43045739827392,1.27220533847236e-10,5.24127743625392e-08,"HSD17B13"
"ENSG00000169429",449.52633637624,3.11083189092831,0.484480552019419,6.42096339669713,1.35414589115464e-10,5.488877482356e-08,"CXCL8"
"ENSG00000112559",73.0722391295408,2.68494570029756,0.41929779576493,6.40343385397336,1.51920689978014e-10,6.06018866640868e-08,"MDFI"
"ENSG00000122778",136.564727508477,1.60872519070945,0.251458157954102,6.39758599919072,1.57852578678668e-10,6.1181570317713e-08,"KIAA1549"
"ENSG00000137699",357.009708360548,3.32175826752714,0.519251189055872,6.39720878360803,1.58242890082024e-10,6.1181570317713e-08,"TRIM29"
"ENSG00000111799",1033.08224870409,2.04271131723624,0.319959831237491,6.38427426760341,1.72212202760482e-10,6.55737101147528e-08,"COL12A1"
"ENSG00000234093",2.30205527220151,-3.81853757087779,0.599840813457375,-6.3659182323197,1.94124834859061e-10,7.28141973857175e-08,"RPS15AP11"
"ENSG00000164283",52.840141115789,3.79195094294125,0.599023838428972,6.33021709601107,2.44816498134928e-10,9.0477697273954e-08,"ESM1"
"ENSG00000184544",2.6532628557938,-3.70194122124337,0.585653458094211,-6.32104390417149,2.59802191274207e-10,9.46244763610447e-08,"DHRS7C"
"ENSG00000141682",73.946789240181,1.49304461177508,0.236956836216749,6.3009138525523,2.95895827636021e-10,1.04734620342547e-07,"PMAIP1"
"ENSG00000197905",123.155709856918,1.58070827289768,0.251551960891921,6.28382409460456,3.30344476361836e-10,1.15303986603463e-07,"TEAD4"
"ENSG00000122861",310.425146737572,1.81611027799359,0.289630905974029,6.27042984893482,3.60052738961368e-10,1.23951854559427e-07,"PLAU"
"ENSG00000159167",91.9826763386802,2.38188055410092,0.38000134767114,6.26808449153776,3.65516450503514e-10,1.24132350237889e-07,"STC1"
"ENSG00000120708",3234.26328615355,1.94386287421802,0.310383021770478,6.26278738807908,3.78156061416146e-10,1.26712533059322e-07,"TGFBI"
"ENSG00000137692",185.364170094489,1.06779588580187,0.170704002616136,6.25524808696513,3.96884494669229e-10,1.31238213625426e-07,"DCUN1D5"
"ENSG00000158874",2262.2031892329,-5.86777940115805,0.939301417675022,-6.24696108271837,4.18515283388614e-10,1.36593605023887e-07,"APOA2"
"ENSG00000135245",152.176350579904,1.92249197513321,0.30799575088818,6.2419431748303,4.32167968877022e-10,1.39241195203185e-07,"HILPDA"
"ENSG00000146733",122.680796894207,1.15190885901701,0.185367840408254,6.21417855697108,5.15938333757751e-10,1.64127167919823e-07,"PSPH"
"ENSG00000175832",394.631594349792,3.01963962994705,0.487321582868482,6.19640035676809,5.77690726861929e-10,1.81474320709589e-07,"ETV4"
"ENSG00000163191",1693.12941030811,1.46955619684335,0.237243670128401,6.19429043585442,5.85481807673032e-10,1.81651151958407e-07,"S100A11"
"ENSG00000095752",13.0960723789371,4.23810614949509,0.685290388152591,6.18439456143577,6.23412642702468e-10,1.91060769801899e-07,"IL11"
"ENSG00000060566",372.439499328177,-3.71198601359398,0.603465156866255,-6.15111903538892,7.6938144917176e-10,2.32955725290789e-07,"CREB3L3"
"ENSG00000142959",473.602299113086,-4.38398320547148,0.713922021297942,-6.14070315060629,8.2156989608809e-10,2.45796107840355e-07,"BEST4"
"ENSG00000068650",611.134187215922,1.55009481380565,0.252624959234139,6.13595275187745,8.46503152491898e-10,2.50276126179693e-07,"ATP11A"
"ENSG00000054938",60.2875232302488,3.61836440196178,0.590887763630998,6.12360692617321,9.14804146245144e-10,2.67324918596357e-07,"CHRDL2"
"ENSG00000006118",263.615278535659,1.75745954063213,0.287400383316898,6.11502156103355,9.65439095450751e-10,2.78878734572102e-07,"TMEM132A"
"ENSG00000108342",5.309589013738,4.1255236328522,0.676359729415062,6.09959974468038,1.0633438991862e-09,3.03669267391459e-07,"CSF3"
"ENSG00000113140",7689.74167494164,1.88683922125108,0.309760888438637,6.09127650285927,1.12013886560528e-09,3.16294492489059e-07,"SPARC"
"ENSG00000118777",177.419792877261,-2.67049396016556,0.438695223105145,-6.08735591252495,1.14790602182e-09,3.20533624826206e-07,"ABCG2"
"ENSG00000066813",103.193965914064,-7.32611671469726,1.20510117715073,-6.07925446726281,1.20742614182317e-09,3.33448641430309e-07,"ACSM2B"
"ENSG00000281406",21.7170782273044,3.58096062455775,0.589524003851468,6.07432538991235,1.24510031343838e-09,3.34326600113737e-07,"BLACAT1"
"ENSG00000112578",181.995032114598,1.18899865990256,0.195764127079031,6.07362890047037,1.25051531617092e-09,3.34326600113737e-07,"BYSL"
"ENSG00000187048",480.936513535296,-7.35297984085789,1.21586694443779,-6.04752014560101,1.47092279513004e-09,3.89113271204348e-07,"CYP4A11"
"ENSG00000162493",120.078506847133,2.19008463573104,0.362961572558165,6.03392976368063,1.60019637520454e-09,4.18901407346513e-07,"PDPN"
"ENSG00000099985",38.7731811677257,2.7183327268939,0.450830884562111,6.02960626695795,1.64359613246352e-09,4.25826952628254e-07,"OSM"
"ENSG00000151617",117.455852957943,1.99873993930746,0.331706863583996,6.02562129017065,1.68461226302907e-09,4.31999905940647e-07,"EDNRA"
"ENSG00000062038",355.893114184879,3.41731363633967,0.567832520656402,6.01817175315942,1.76397976965262e-09,4.47783591829696e-07,"CDH3"
"ENSG00000136295",1190.33030085992,1.32796070483531,0.220800009953517,6.01431451527049,1.80649476869052e-09,4.53990200319615e-07,"TTYH3"
"ENSG00000181652",25.6243139247229,2.46530352109023,0.411136581217911,5.99631274304819,2.01848118607217e-09,5.02242086011681e-07,"ATG9B"
"ENSG00000168542",15706.1510414698,1.95256532131725,0.325901798748906,5.99126893074198,2.08210001080961e-09,5.1299269972212e-07,"COL3A1"
"ENSG00000128595",1253.36907917432,1.07564595169409,0.179770140168961,5.98345170495571,2.1845783200411e-09,5.33015900591776e-07,"CALU"
"ENSG00000132855",304.298416249877,-5.97535898996395,0.999116878652659,-5.98064062136745,2.22261754320773e-09,5.3708270652263e-07,"ANGPTL3"
"ENSG00000180730",13.111549930556,2.64146107507746,0.442873679930571,5.96436680430312,2.45584501225518e-09,5.87788961933189e-07,"SHISA2"
"ENSG00000169247",54.9599331513141,2.23810103228163,0.375822713829918,5.95520427563754,2.59747183407478e-09,6.15821364737106e-07,"SH3TC2"
"ENSG00000172965",43.5110255366919,1.5821868681241,0.26602074605204,5.94760706300174,2.720907976717e-09,6.3419561167324e-07,"MIR4435-2HG"
"ENSG00000140107",242.853576619946,-5.76739193675506,0.969887027349099,-5.94645744723335,2.74007723428018e-09,6.3419561167324e-07,"SLC25A47"
"ENSG00000137809",158.636394235967,1.72999166043579,0.290959062211905,5.94582498061476,2.75067930732494e-09,6.3419561167324e-07,"ITGA11"
"ENSG00000180210",1159.81152431449,-5.9327045790678,1.00014533867564,-5.9318424529416,2.99553994098221e-09,6.83929421453202e-07,"F2"
"ENSG00000164220",36.5839878299056,2.14691915109592,0.362015439856031,5.93046294365158,3.02081754730434e-09,6.83929421453202e-07,"F2RL2"
"ENSG00000161944",375.356532623707,-4.56900327398098,0.77149634791305,-5.92226170135536,3.17543755790964e-09,6.9392975015502e-07,"ASGR2"
"ENSG00000157131",571.826572030454,-6.78303419699675,1.14632802229729,-5.91718431815291,3.27499619686956e-09,7.09516632961456e-07,"C8A"
"ENSG00000061337",55.0118671875029,2.09899843283249,0.354949061086841,5.91352017217748,3.34872493770477e-09,7.19288943670585e-07,"LZTS1"
"ENSG00000128422",134.369430205656,4.60447499903272,0.779442430724891,5.90739587367666,3.47557867065748e-09,7.4020989468045e-07,"KRT17"
"ENSG00000125538",150.727479374593,2.49215293750887,0.422651688162267,5.89646985285924,3.71360568640315e-09,7.84257348781491e-07,"IL1B"
"ENSG00000115008",14.6984011966227,3.61113269861192,0.613118287435174,5.88978142165386,3.86706750737704e-09,8.03167549817292e-07,"IL1A"
"ENSG00000159263",71.3055427080285,3.59852936335249,0.612194093405967,5.87808572822375,4.15037975344597e-09,8.53444436918676e-07,"SIM2"
"ENSG00000087116",364.228169128942,2.09381311842982,0.356270940268965,5.87702470723295,4.17705884131141e-09,8.53444436918676e-07,"ADAMTS2"
"ENSG00000137204",176.528262372839,-6.84101249060276,1.1719538587377,-5.83727118571985,5.30626920582568e-09,1.0626962318683e-06,"SLC22A7"
"ENSG00000215193",1113.02004510225,-1.30827496724379,0.224166287057526,-5.83618074071976,5.3410956506744e-09,1.0626962318683e-06,"PEX26"
"ENSG00000175592",56.2698124244788,3.10986580346228,0.532976190111356,5.83490568839957,5.38210014310015e-09,1.0626962318683e-06,"FOSL1"
"ENSG00000120254",211.344675362487,1.857743135363,0.31843592864585,5.83396208858423,5.41264246067175e-09,1.0626962318683e-06,"MTHFD1L"
"ENSG00000179546",25.6071116985387,3.63155329110249,0.62327967396686,5.82652289619761,5.65941057598106e-09,1.09405113219215e-06,"HTR1D"
"ENSG00000039537",579.778052028384,-4.19534754167816,0.720590052727194,-5.82210027157627,5.81126645823503e-09,1.1148315829153e-06,"C6"
"ENSG00000145244",6.70642486558984,2.74797665061911,0.472398323800193,5.81707536240412,5.98861469904124e-09,1.1393966306584e-06,"CORIN"
"ENSG00000104415",80.0283645732962,2.38815447564558,0.410711894424758,5.81467083876503,6.07533120481579e-09,1.1393966306584e-06,"CCN4"
"ENSG00000157227",2437.83290606982,1.36697209586506,0.235325327271703,5.80886091485926,6.28993140290786e-09,1.15363488114068e-06,"MMP14"
"ENSG00000114251",118.598973118629,1.46480386194015,0.252307945928118,5.80561922674236,6.41285517332768e-09,1.15363488114068e-06,"WNT5A"
"ENSG00000179431",28.0697934175323,2.31137667751271,0.398142431712114,5.80540151817831,6.42119382250197e-09,1.15363488114068e-06,"FJX1"
"ENSG00000113889",1360.59907966577,-4.2487530466607,0.731910573537491,-5.80501662399207,6.43596180781493e-09,1.15363488114068e-06,"KNG1"
"ENSG00000137673",394.957454039231,4.50782766416483,0.776631682446187,5.80433140451643,6.46233475688484e-09,1.15363488114068e-06,"MMP7"
"ENSG00000180432",210.859573266997,-5.60941292276022,0.966625953576972,-5.80308536306391,6.51056242023746e-09,1.15363488114068e-06,"CYP8B1"
"ENSG00000186007",18.5870487695916,3.90184444491723,0.672426398893881,5.80263423823877,6.52810923826906e-09,1.15363488114068e-06,"LEMD1"
"ENSG00000102595",196.847953975455,1.02319714634218,0.176333557033454,5.80262295819316,6.52854857249091e-09,1.15363488114068e-06,"UGGT2"
"ENSG00000101981",326.571573671181,-7.66768161553236,1.32162553842409,-5.80170509165201,6.56439409506655e-09,1.15363488114068e-06,"F9"
"ENSG00000166035",111.726437131677,-3.41408331619022,0.59098987916268,-5.77688965000099,7.60941557121314e-09,1.31437009075316e-06,"LIPC"
"ENSG00000049449",299.621823089176,1.13905863474996,0.197195043595948,5.77630458645753,7.63590916596878e-09,1.31437009075316e-06,"RCN1"
"ENSG00000134013",419.084798626513,1.7490602944805,0.303244549851111,5.76782103862793,8.03030125924701e-09,1.36357770909552e-06,"LOXL2"
"ENSG00000079335",116.072885682473,-1.2869428326675,0.223716873184882,-5.75255149218876,8.79064802196911e-09,1.48082662471932e-06,"CDC14A"
"ENSG00000139289",660.461575683099,1.92477295065959,0.334648187012952,5.75163119167023,8.83864524722047e-09,1.48082662471932e-06,"PHLDA1"
"ENSG00000149243",13.2341682418595,2.085728058818,0.362876906027509,5.74775639941078,9.0435401584303e-09,1.4922683694796e-06,"KLHL35"
"ENSG00000237037",22.4048466372894,-1.10592753253954,0.192416991411045,-5.74755651478323,9.05423415185959e-09,1.4922683694796e-06,"NDUFA6-DT"
"ENSG00000008300",177.337591934151,1.82138170690669,0.316928419995076,5.74698131185266,9.08507661972780e-09,1.4922683694796e-06,"CELSR3"
"ENSG00000040199",514.031475922631,-1.69060779054393,0.294394634453553,-5.74265829838234,9.32016812662233e-09,1.52094250123471e-06,"PHLPP2"
"ENSG00000149380",22.4223532910024,2.57711059344678,0.449430264386424,5.73417234588136,9.79896537669197e-09,1.58875999278481e-06,"P4HA3"
"ENSG00000234602",4.63479377153744,3.90627079559798,0.681528759677733,5.73163016252623,9.94699730323331e-09,1.60242300786895e-06,"MCIDAS"
"ENSG00000215182",34.811378582138,3.97037392871478,0.694086692700877,5.72028533390402,1.0634531029486e-08,1.68988845890682e-06,"MUC5AC"
"ENSG00000134827",10.0173142981737,4.01669156877879,0.702199237597014,5.72015939881145,1.06424164370051e-08,1.68988845890682e-06,"TCN1"
"ENSG00000174705",420.855021305422,1.14630532058854,0.200424931402163,5.71937489297882,1.06916662674062e-08,1.68988845890682e-06,"SH3PXD2B"
"ENSG00000070759",118.414199793502,-1.13833727464421,0.199171039576693,-5.71537547358074,1.09462055842213e-08,1.70862790395692e-06,"TESK2"
"ENSG00000138028",105.521467262141,2.32362190109556,0.407115080451583,5.70753089892454,1.1462681664784e-08,1.77066772334881e-06,"CGREF1"
"ENSG00000183742",479.743387589664,2.00958266325025,0.352131054643735,5.70691689002955,1.1504091848142e-08,1.77066772334881e-06,"MACC1"
"ENSG00000196754",35.4772506893498,3.29414691316375,0.578208437489041,5.69716161090469,1.21818443759321e-08,1.84451488481105e-06,"S100A2"
"ENSG00000110243",230.411881064947,-7.11631167152998,1.24910354266972,-5.69713512806172,1.21837360582004e-08,1.84451488481105e-06,"APOA5"
"ENSG00000198535",53.8767298411594,2.84936262322934,0.50048812158027,5.69316733079019,1.24704062618704e-08,1.87660945968303e-06,"C2CD4A"
"ENSG00000129451",115.384466756301,3.8846814674701,0.683200100683733,5.68600833574584,1.30043050223094e-08,1.94530469949797e-06,"KLK10"
"ENSG00000114270",232.430702157672,1.80011131264758,0.316696383320933,5.68402863894844,1.31558232145254e-08,1.95632540357537e-06,"COL7A1"
"ENSG00000050344",591.662620886317,1.92243245178394,0.33848547456646,5.679512405211,1.35079253669765e-08,1.99519763808215e-06,"NFE2L3"
"ENSG00000117592",1894.76504432315,-1.02409759602244,0.180341662864417,-5.6786522856472,1.3576013533566e-08,1.99519763808215e-06,"PRDX6"
"ENSG00000130513",896.979358512338,1.90226687238274,0.335434698287725,5.67104978135277,1.41925146966228e-08,2.0736372056617e-06,"GDF15"
"ENSG00000011426",352.875976397202,1.87657452169821,0.330962034293605,5.67005978707953,1.42747696701076e-08,2.0736372056617e-06,"ANLN"
"ENSG00000181577",254.467278013928,3.48835555580936,0.615566875327349,5.66689939895531,1.454046541455e-08,2.10009446168424e-06,"LINC03040"
"ENSG00000256612",37.2459369164916,-2.52326305426698,0.445794945790517,-5.66014280353165,1.51247084712191e-08,2.16483932896895e-06,NA
"ENSG00000269404",231.581512779212,-3.39352406079927,0.599591027543913,-5.65973122496523,1.51610251043944e-08,2.16483932896895e-06,"SPIB"
"ENSG00000137868",37.0814484231748,3.42929498705199,0.606290684944391,5.65618946853277,1.5477061006775e-08,2.19318747343109e-06,"STRA6"
"ENSG00000170369",7.96867240618431,4.39324275281747,0.776800967470222,5.65555777707741,1.5534096147019e-08,2.19318747343109e-06,"CST2"
"ENSG00000177410",281.308724225574,1.17680722089073,0.2081967556399,5.65238020772113,1.58241078798116e-08,2.21908461257917e-06,"ZFAS1"
"ENSG00000064666",904.257748629205,1.10677613383393,0.195833377340398,5.65162154105185,1.58941240008058e-08,2.21908461257917e-06,"CNN2"
"ENSG00000159216",443.848639320798,1.09718474898428,0.194362053443059,5.64505637570717,1.65127130652382e-08,2.29271266321824e-06,"RUNX1"
"ENSG00000163132",11.0998091428779,2.73890029997512,0.48574150097411,5.63859644375147,1.71441791638009e-08,2.34157807916022e-06,"MSX1"
"ENSG00000119950",568.767021293997,-1.00809522376101,0.179052004486441,-5.63018116804913,1.80020428285002e-08,2.44271806440972e-06,"MXI1"
"ENSG00000163581",544.322949134611,-6.05382487691263,1.07538582573295,-5.62944455101641,1.80790879782025e-08,2.44271806440972e-06,"SLC2A2"
"ENSG00000176170",83.5556518966762,1.77803377734153,0.315920341012988,5.62810793265265,1.82197076092727e-08,2.44855332582156e-06,"SPHK1"
"ENSG00000100593",27.3380515365911,5.16788228860877,0.919987039943258,5.6173424887893,1.93916810190034e-08,2.59219327493923e-06,"ISM2"
"ENSG00000174939",50.1292860762443,1.75881172680121,0.313424459853201,5.61159689842007,2.00467982282913e-08,2.66558775806978e-06,"ASPHD1"
"ENSG00000100652",142.286201867493,-5.14059814679791,0.917212790159394,-5.60458620066187,2.08753080265666e-08,2.76114403166129e-06,"SLC10A1"
"ENSG00000171388",51.9689113869227,2.52342508968565,0.450463880966244,5.60183667616793,2.12092351689175e-08,2.79062454989563e-06,"APLN"
"ENSG00000203499",154.505026484663,1.87268258363541,0.335089572108234,5.58860298711574,2.28903608884431e-08,2.99613364316387e-06,"IQANK1"
"ENSG00000165757",177.299359663746,1.51646244704855,0.271446926915348,5.58658911442187,2.3157274314731e-08,3.01536508188344e-06,"JCAD"
"ENSG00000196335",22.2499125703413,2.66475927367075,0.47773910478246,5.57785462189486,2.43503020992364e-08,3.15436825802015e-06,"STK31"
"ENSG00000178773",159.825207844665,3.26185812658271,0.585172917167313,5.57417821448848,2.48701040681788e-08,3.20518248890975e-06,"CPNE7"
"ENSG00000042832",38.9988963676961,3.01608694260325,0.541377617035514,5.57113343384751,2.53087394426326e-08,3.24507107618776e-06,"TG"
"ENSG00000235621",5.09894622281334,-2.31785860159027,0.416444057235074,-5.56583426109953,2.60901136221655e-08,3.31684848132034e-06,"LINC00494"
"ENSG00000072110",2322.99934078,1.09850125634903,0.197375106154576,5.5655511870313,2.61325056424904e-08,3.31684848132034e-06,"ACTN1"
"ENSG00000101323",243.265752661081,-7.11560701440042,1.27900702260762,-5.56338385061657,2.64592996152899e-08,3.33050831635045e-06,"HAO1"
"ENSG00000182963",52.1499160951348,1.82828634003397,0.328749018808169,5.56134386852972,2.67705117701268e-08,3.34711309102018e-06,"GJC1"
"ENSG00000164542",43.5300974081989,1.4563995710816,0.262058508753577,5.55753590298837,2.73609716556121e-08,3.4003264630389e-06,"MATCAP2"
"ENSG00000172482",695.409738500251,-3.94622974902509,0.710237354231677,-5.55621261753271,2.75691028281057e-08,3.4003264630389e-06,"AGXT"
"ENSG00000105976",953.238890782603,1.18048075607657,0.212469379388292,5.55600416151833,2.76020293048401e-08,3.4003264630389e-06,"MET"
"ENSG00000214049",70.2514017647178,3.47081548006067,0.625120187621157,5.55223707183186,2.82036739362955e-08,3.4549448572732e-06,"UCA1"
"ENSG00000120149",39.211622848605,3.50470927415446,0.631306752857432,5.55151557985303,2.83203470056218e-08,3.4549448572732e-06,"MSX2"
"ENSG00000265688",16.301645278406,1.9036331113861,0.342986553896992,5.55016833679671,2.85394657598506e-08,3.46485658942419e-06,"MILIP"
"ENSG00000198108",22.4924827099519,1.57314964505502,0.283828394182819,5.54260841162258,2.9799878668679e-08,3.60048437895467e-06,"CHSY3"
"ENSG00000163735",37.3018807567871,3.20404469569749,0.578477190157675,5.53875718906768,3.04625641800329e-08,3.66294115027946e-06,"CXCL5"
"ENSG00000130635",1789.54898900639,1.654127700779,0.298773717474583,5.53638959531212,3.08770322845365e-08,3.69509856353661e-06,"COL5A1"
"ENSG00000176273",142.22308011151,-1.28393657374319,0.23224317994391,-5.5284145439848,3.23137762524469e-08,3.84870858293954e-06,"SLC35G1"
"ENSG00000101189",286.443968597017,1.01183001049462,0.18310719703628,5.52588880651232,3.27821715566532e-08,3.88607902542571e-06,"MRGBP"
"ENSG00000186910",220.495243057851,-5.58075160618119,1.01166304738314,-5.51641341513549,3.45987827061318e-08,4.08216905252487e-06,"SERPINA11"
"ENSG00000140009",10.7825576484913,-2.01072956577737,0.36487434430615,-5.51074526656843,3.57317527251882e-08,4.19614335390984e-06,"ESR2"
"ENSG00000158555",161.06084873598,1.84546490521297,0.335024631107205,5.50844545105233,3.6201638369037e-08,4.23155057605707e-06,"GDPD5"
"ENSG00000157193",110.500526458291,1.86029798465881,0.338026829676162,5.50340334357785,3.72528807326307e-08,4.33426919301733e-06,"LRP8"
"ENSG00000224397",36.4142539707164,1.85691624056934,0.337468533040543,5.50248707290956,3.74470691784167e-08,4.33678477199442e-06,"PELATON"
"ENSG00000228742",7.92762500136689,3.53752981734162,0.643597164734009,5.49649689461207,3.87409913721687e-08,4.44566143458434e-06,"LINC02577"
"ENSG00000131188",29.2191792418299,1.85464852074871,0.337599347087988,5.49363775951065,3.93737703096121e-08,4.49773737114028e-06,"PRR7"
"ENSG00000167767",182.980998807254,4.06874493403645,0.741374568208622,5.48810966616743,4.06257827746395e-08,4.61975813081206e-06,"KRT80"
"ENSG00000116132",115.038210252494,1.83726902920765,0.334949450532382,5.48521284715475,4.12971874380782e-08,4.67495323201056e-06,"PRRX1"
"ENSG00000006704",334.906732534797,1.4899279066679,0.271713854758082,5.48344473635489,4.17122622425688e-08,4.69470767753599e-06,"GTF2IRD1"
"ENSG00000029559",14.5837488882321,4.98743710921501,0.910573451340957,5.47724854252038,4.31990251519329e-08,4.77122545553123e-06,"IBSP"
"ENSG00000248323",13.7226476619092,3.17086354329322,0.578932865031311,5.47708332834365,4.32393629347703e-08,4.77122545553123e-06,"LUCAT1"
"ENSG00000151746",93.5291567221233,1.09587284804988,0.200105540274662,5.47647429724186,4.3388376286072e-08,4.77122545553123e-06,"BICD1"
"ENSG00000175003",191.216138690354,-4.71103040017892,0.860287029732017,-5.47611464239606,4.34766077480662e-08,4.77122545553123e-06,"SLC22A1"
"ENSG00000185008",34.0480717457863,2.14492047699696,0.392067951894073,5.47078756790727,4.48040077680169e-08,4.87432692302178e-06,"ROBO2"
"ENSG00000185479",51.9225372792187,5.04941955313885,0.923784156479337,5.46601662057385,4.60261200899216e-08,4.96430224884042e-06,"KRT6B"
"ENSG00000136244",22.9655785411104,3.2587985473569,0.596306589931908,5.46497154715163,4.62981059693951e-08,4.9722978680208e-06,"IL6"
"ENSG00000168748",408.141631014849,-4.04825944033405,0.741061532863643,-5.46278447984014,4.68723533504995e-08,5.0125494129847e-06,"CA7"
"ENSG00000007908",44.369405437175,2.82056977581148,0.517637850609692,5.4489249047173,5.06752024745425e-08,5.38665222342164e-06,"SELE"
"ENSG00000182492",1605.71833454532,2.29680233542085,0.421548424735976,5.44848990210171,5.07992748776781e-08,5.38665222342164e-06,"BGN"
"ENSG00000100024",144.495965373696,-4.3335849634861,0.796401588473483,-5.44145695614769,5.28465630941036e-08,5.55684927664401e-06,"UPB1"
"ENSG00000186451",5.85000270073625,2.69582179085416,0.495709564827567,5.43830900618572,5.37886281191277e-08,5.63234172192416e-06,"SPATA12"
"ENSG00000136231",38.4583874134253,4.20345167363745,0.773100597837756,5.43713416519643,5.41443683997315e-08,5.64606689731806e-06,"IGF2BP3"
"ENSG00000171617",1086.52894988799,1.17082807656673,0.215368611114965,5.43639145233534,5.4370436086523e-08,5.64621251772896e-06,"ENC1"
"ENSG00000179163",1126.35515132911,-1.21537355642858,0.223652026043406,-5.43421661734781,5.50376881813153e-08,5.69198412215899e-06,"FUCA1"
"ENSG00000165905",149.9735803665,2.77673953384987,0.51140289769892,5.42965154547214,5.64641887411639e-08,5.77072707020022e-06,"LARGE2"
"ENSG00000138772",501.082828709214,1.30566090874211,0.240471964102491,5.42957643156117,5.64879574736084e-08,5.77072707020022e-06,"ANXA3"
"ENSG00000167755",65.4572015287426,5.56787946239277,1.02705715954312,5.42119726312954,5.9201187571833e-08,6.00611081947884e-06,"KLK6"
"ENSG00000148734",21.6384428786602,2.4368909303275,0.4495288053513,5.42098949237104,5.92700442971132e-08,6.00611081947884e-06,"NPFFR1"
"ENSG00000101115",25.9194007400321,2.93224893483504,0.540990589331138,5.42014776719198,5.95497929350743e-08,6.01022428213394e-06,"SALL4"
"ENSG00000110436",88.7852899803127,-3.80891597641766,0.70347020347636,-5.41446667903633,6.14716488510587e-08,6.1592882147086e-06,"SLC1A2"
"ENSG00000142408",7.26501958094829,2.87072598582522,0.531089656320822,5.40535096411493,6.46816143309062e-08,6.4249551373518e-06,"CACNG8"
"ENSG00000134538",175.355834153821,-5.90863850835742,1.09406527694345,-5.40062703101655,6.64083661820144e-08,6.57050649811104e-06,"SLCO1B1"
"ENSG00000120526",228.843260349755,1.15999417141194,0.215018598980179,5.39485503539568,6.85788975621898e-08,6.7586520573937e-06,"NUDCD1"
"ENSG00000160401",23.1881491657632,1.70048486729709,0.315271075848981,5.39372304521728,6.90125642171082e-08,6.76509459385361e-06,"CFAP157"
"ENSG00000186732",18.7690502842992,-4.58574244174182,0.850269528374454,-5.39328094058463,6.91826553109856e-08,6.76509459385361e-06,"MPPED1"
"ENSG00000182118",50.9146378045839,1.31100439666271,0.243228085093005,5.39002063088811,7.04495955457984e-08,6.8622821149669e-06,"FAM89A"
"ENSG00000086991",12.7558080744584,2.73349050795641,0.507423054189328,5.38700495649237,7.16414592862763e-08,6.9514344143761e-06,"NOX4"
"ENSG00000110427",26.3888782655366,3.41091424101353,0.634062639338095,5.37945942466225,7.4709830120221e-08,7.19361203352979e-06,"KIAA1549L"
"ENSG00000167291",601.23254809365,1.0359168075477,0.192654203402606,5.37707866868008,7.57041014997688e-08,7.26152585797973e-06,"TBC1D16"
"ENSG00000155545",603.086527802453,-1.24534564665366,0.231698321573289,-5.37485829935002,7.66429322253954e-08,7.32362558842742e-06,"MIER3"
"ENSG00000149257",1477.57172210864,1.18049420281496,0.219821142594167,5.37024868892788,7.86281362610469e-08,7.44463073890616e-06,"SERPINH1"
"ENSG00000094804",229.484335729688,1.42986021181466,0.266308720652171,5.36918283529369,7.90942026695295e-08,7.44463073890616e-06,"CDC6"
"ENSG00000204899",205.655230153687,1.20723079915249,0.225214210996219,5.36036688720659,8.3053105310153e-08,7.78808802070692e-06,"MZT1"
"ENSG00000158352",220.208545444769,1.45646939753276,0.271794462445759,5.35871623147368,8.38153803166727e-08,7.83035064214982e-06,"SHROOM4"
"ENSG00000142089",1847.12585287255,1.41371953575609,0.264209155502179,5.35075907217921,8.7586065060689e-08,8.1523163001488e-06,"IFITM3"
"ENSG00000203859",121.045933188164,-3.98709131147772,0.745344537238094,-5.34932653595618,8.82821309326206e-08,8.15668467819003e-06,"HSD3B2"
"ENSG00000104312",129.60639491008,1.13655173522738,0.212862071803276,5.3393811570046,9.32643819045573e-08,8.55411380161835e-06,"RIPK2"
"ENSG00000088992",142.141739463609,2.38629898559864,0.447107449223207,5.33719353087168,9.43962685107178e-08,8.62644590524672e-06,"TESC"
"ENSG00000272620",12.919457680063,3.94451473227736,0.73927161846679,5.33567721760789,9.5188606273607e-08,8.66733646471745e-06,"AFAP1-AS1"
"ENSG00000176641",236.572578147299,-1.73515298724291,0.325456386955303,-5.3314454925145,9.74340677419588e-08,8.83369253854497e-06,"RNF152"
"ENSG00000112877",61.1428380854164,1.44533002967184,0.271122266907514,5.33091599652666,9.77186154834866e-08,8.83369253854497e-06,"CEP72"
"ENSG00000132329",67.8827805868124,2.45025937000959,0.45980629986135,5.32889473404006,9.88122434500708e-08,8.90053939119616e-06,"RAMP1"
"ENSG00000128567",635.135787599595,1.06870222739079,0.200584234070087,5.32794729528628,9.9328935614289e-08,8.91512671758106e-06,"PODXL"
"ENSG00000143333",106.191977580311,1.62284723395286,0.304629831222459,5.32727614836828,9.96965315950874e-08,8.9162759271037e-06,"RGS16"
"ENSG00000188958",3.86499333403814,-2.2083280579561,0.414820115614792,-5.32357996835137,1.01744693247368e-07,9.01030708780216e-06,"UTS2B"
"ENSG00000187498",3968.94015856164,1.88206533409436,0.353543129992694,5.32343913494588,1.01823533203446e-07,9.01030708780216e-06,"COL4A1"
"ENSG00000075673",19.6605679768209,-4.33438688252716,0.815071551712209,-5.31779924525887,1.05029858846874e-07,9.26142239537118e-06,"ATP12A"
"ENSG00000122224",31.5740827493559,-1.78232131569439,0.335263736910314,-5.31617684668109,1.05970161873868e-07,9.31166481836422e-06,"LY9"
"ENSG00000076641",530.990719489473,-1.13916264073448,0.21455738308862,-5.30936118037926,1.10010136599032e-07,9.63297819815427e-06,"PAG1"
"ENSG00000254726",124.200872352352,2.20441630713483,0.415351490991604,5.30735137575175,1.11229633148588e-07,9.70594413422624e-06,"MEX3A"
"ENSG00000140937",364.549173985354,1.38666306625969,0.261582840758725,5.30104750845911,1.15140118800323e-07,1.00124094310412e-05,"CDH11"
"ENSG00000123643",641.768662502134,-1.40441176251168,0.265069369044978,-5.29828009766521,1.16898549542655e-07,1.01302670639878e-05,"SLC36A1"
"ENSG00000109205",9.17485136742189,3.29379423195808,0.622926079889362,5.28761652192038,1.23920423253349e-07,1.06652197149997e-05,"ODAM"
"ENSG00000254166",137.663501668035,2.7561418098418,0.521353942277727,5.28650804442098,1.24673336132503e-07,1.06933979875288e-05,"PCAT2"
"ENSG00000164294",121.030520795066,1.36367194901502,0.258198979500338,5.28147691231768,1.28146633424351e-07,1.08799089344168e-05,"GPX8"
"ENSG00000142609",4.9257014539338,3.97086412290173,0.752795694222832,5.27482310721921,1.32884201193336e-07,1.12441510444099e-05,"CFAP74"
"ENSG00000118785",2341.23615414212,2.85758939204276,0.541839802785966,5.27386393053805,1.33580964488961e-07,1.12651785858123e-05,"SPP1"
"ENSG00000103253",50.3489834506551,1.62318130038441,0.307909199638954,5.27162326519542,1.3522242292564e-07,1.13654672593454e-05,"HAGHL"
"ENSG00000161031",157.299390917196,-5.41431613515531,1.02720464772652,-5.270922544148,1.35739747565842e-07,1.13709186535906e-05,"PGLYRP2"
"ENSG00000154096",561.79497714827,1.79179553825979,0.340042424537595,5.26932938058053,1.36923074505665e-07,1.14319394863849e-05,"THY1"
"ENSG00000138600",739.678650257798,-1.00453616496585,0.190723915450902,-5.26696488267326,1.38697725951976e-07,1.15417634135732e-05,"SPPL2A"
"ENSG00000120875",121.18454091235,1.94848093247933,0.370117686394999,5.26449019893597,1.40578898660285e-07,1.16596973671011e-05,"DUSP4"
"ENSG00000181061",523.096796685025,-1.15134629560345,0.218730533639434,-5.26376576898672,1.41134240106132e-07,1.16672519345632e-05,"HIGD1A"
"ENSG00000182168",86.982414016943,-1.65188627210231,0.313897045388556,-5.26250978265033,1.4210210045097e-07,1.17087471686338e-05,"UNC5C"
"ENSG00000143195",15.0873742393023,1.81452282756728,0.345222088993667,5.25610291292967,1.47139973512358e-07,1.20477538995881e-05,"ILDR2"
"ENSG00000146678",470.048570659016,-5.10254354531757,0.971088024817848,-5.25446037322382,1.48459104620753e-07,1.20741933923112e-05,"IGFBP1"
"ENSG00000105464",105.986739129571,2.76611318117748,0.526872919971463,5.25005760654257,1.52051652133827e-07,1.2326484096049e-05,"GRIN2D"
"ENSG00000103355",27.2227010558942,3.45838481176642,0.658849578023631,5.24912654894708,1.52822069816423e-07,1.23469957317929e-05,"PRSS33"
"ENSG00000136997",1569.26424370393,1.51908975001628,0.289461974290827,5.24797688448718,1.53778586767386e-07,1.23469957317929e-05,"MYC"
"ENSG00000178772",160.821857111381,-5.9669174936566,1.13754290525094,-5.24544390028109,1.5590649503259e-07,1.24615608231011e-05,"CPN2"
"ENSG00000107130",181.970151760127,1.66968059597915,0.318565705650106,5.24124400827073,1.59497634591623e-07,1.26316722711248e-05,"NCS1"
"ENSG00000213606",1.27778557342713,-3.01170288826546,0.575136773733041,-5.23649856140721,1.63651517149692e-07,1.28522696171528e-05,NA
"ENSG00000258227",23.4661084624372,2.97323279728151,0.567870292161113,5.23576041628527,1.64306975157953e-07,1.28635470177399e-05,"CLEC5A"
"ENSG00000157823",271.491896031802,-1.05157669595687,0.200945797657437,-5.23313604074242,1.66657986589679e-07,1.30070865247989e-05,"AP3S2"
"ENSG00000185885",1179.42299405867,1.47529042996762,0.282019877071958,5.23115762365641,1.68451793888232e-07,1.31063840006352e-05,"IFITM1"
"ENSG00000247381",7.980382341961,4.59447181748182,0.878668084722948,5.22890485880171,1.70517081863219e-07,1.32261258774832e-05,NA
"ENSG00000230838",12.4839725486545,4.01885426068051,0.768821690233024,5.22729042603159,1.72012197054362e-07,1.32602408716969e-05,"LINC01614"
"ENSG00000038427",734.064692739448,1.32661244410154,0.253916947683815,5.22459196285502,1.74539566257859e-07,1.33730299988605e-05,"VCAN"
"ENSG00000157087",52.3341924988255,-4.59948266248852,0.881006444201306,-5.22071398315171,1.78234630553674e-07,1.36146337399525e-05,"ATP2B2"
"ENSG00000184293",10.1843912466062,-1.58951265270385,0.30530580874205,-5.20629679223305,1.9264644082775e-07,1.4626579167499e-05,NA
"ENSG00000171049",15.5311807446617,2.92027151759772,0.561235423608028,5.20329151503677,1.95789377916623e-07,1.47759244937617e-05,"FPR2"
"ENSG00000139514",1112.66893451795,1.2044681580629,0.231629399885735,5.19997961682358,1.99310382482788e-07,1.49966144376495e-05,"SLC7A1"
"ENSG00000123975",416.299633529884,1.30421135680548,0.251053422088193,5.19495550372269,2.04768811298665e-07,1.5300751260757e-05,"CKS2"
"ENSG00000172216",246.476205515621,1.10612859547829,0.212981714583396,5.1935378473309,2.0633497197859e-07,1.53414324875561e-05,"CEBPB"
"ENSG00000124766",1227.47086914024,1.22740933565973,0.236564575330643,5.18847479147794,2.12023456313933e-07,1.57178804738214e-05,"SOX4"
"ENSG00000162391",25.3176605572035,-1.42257060065919,0.274362750385845,-5.18499905201629,2.16015964082743e-07,1.59329165811889e-05,"FAM151A"
"ENSG00000136044",946.093377453846,-1.16133378833298,0.223987081063693,-5.184824869443,2.16217943791098e-07,1.59329165811889e-05,"APPL2"
"ENSG00000244414",366.758004181662,-5.39682379010961,1.04099346172088,-5.18430133191043,2.16826129909936e-07,1.59329165811889e-05,"CFHR1"
"ENSG00000129474",190.183521898018,1.78258070121876,0.343972518010312,5.18233465722781,2.19125591020442e-07,1.60549423554949e-05,"AJUBA"
"ENSG00000274979",17.1961894231764,3.010365740038,0.581748817049211,5.17468304500798,2.28298198517525e-07,1.66523730528289e-05,NA
"ENSG00000163739",334.128652713685,2.28770006576738,0.442116137520337,5.17443239823417,2.2860485866961e-07,1.66523730528289e-05,"CXCL1"
"ENSG00000134107",1800.65633749067,1.26405809807565,0.244608744923393,5.16767337353996,2.37026062831895e-07,1.71662881412921e-05,"BHLHE40"
"ENSG00000134757",37.2492938839722,3.90928826810917,0.757006162322776,5.16414325626363,2.41542661831564e-07,1.74431282600259e-05,"DSG3"
"ENSG00000074755",1232.29142054053,-1.0388953832932,0.20130338616603,-5.16084405274904,2.45838907550336e-07,1.77025145720559e-05,"ZZEF1"
"ENSG00000174951",40.8539861274209,1.78724328648828,0.346391687469118,5.15960212425023,2.47475203472342e-07,1.7719202924379e-05,"FUT1"
"ENSG00000131746",424.207140958844,2.38544444803271,0.462331465003351,5.15959788290728,2.47480809615894e-07,1.7719202924379e-05,"TNS4"
"ENSG00000103021",73.7634045804697,1.38008020264702,0.267656597822663,5.15615984763207,2.52065739385196e-07,1.79962048195721e-05,"CFAP263"
"ENSG00000206069",14.8472213283407,3.6289719905257,0.705085426570837,5.14685434384185,2.64890845904666e-07,1.88576862761846e-05,"LHFPL7"
"ENSG00000160161",9.39281801462998,2.86798605736953,0.557287704784598,5.14632932459556,2.65632921163876e-07,1.88576862761846e-05,"CILP2"
"ENSG00000124216",39.3608346126016,1.87203818588135,0.364386076621376,5.137512945717,2.78398295065679e-07,1.95705888143024e-05,"SNAI1"
"ENSG00000186340",1115.63582381438,2.39959164884693,0.467096652553824,5.13724865234487,2.78789972365614e-07,1.95705888143024e-05,"THBS2"
"ENSG00000005001",119.64850938366,2.4558727759795,0.479595508364464,5.12071679810894,3.04376464112009e-07,2.10724102468289e-05,"PRSS22"
"ENSG00000178878",216.992610029498,1.94187103729,0.379612670794772,5.11540100393494,3.13075114048756e-07,2.16150843163716e-05,"APOLD1"
"ENSG00000164236",41.0671034592889,-1.18472396121775,0.231775198339638,-5.11152172322463,3.19574067573116e-07,2.2003331211452e-05,"ANKRD33B"
"ENSG00000225194",4.48156565691739,-1.94024490482723,0.379666568718154,-5.11039176132354,3.21491457882141e-07,2.20748683826122e-05,"LINC00092"
"ENSG00000145506",90.7625834564944,2.35961160919976,0.462170358147883,5.10550182979227,3.29917795844077e-07,2.25917278674591e-05,"NKD2"
"ENSG00000151067",128.55539751206,1.79531467049193,0.352022621305624,5.09999801669919,3.39657040455111e-07,2.314343000578e-05,"CACNA1C"
"ENSG00000168060",143.624440938066,-1.74846147992699,0.342841685620623,-5.09990923875511,3.39816389006916e-07,2.314343000578e-05,"NAALADL1"
"ENSG00000187583",22.9867887868106,2.01147416269381,0.394586079455056,5.09768151342733,3.43838666421485e-07,2.32931693252537e-05,"PLEKHN1"
"ENSG00000196502",373.864638657141,-1.61937031706356,0.317740941611842,-5.09651135559928,3.45969819606528e-07,2.33724933777733e-05,"SULT1A1"
"ENSG00000157551",13.3142424083827,2.85924343846942,0.56113229489707,5.09548900405724,3.47842211654682e-07,2.343598557934e-05,"KCNJ15"
"ENSG00000197375",396.815730033874,-1.24393342157894,0.244183506394746,-5.09425652839959,3.50112442247903e-07,2.35258710859146e-05,"SLC22A5"
"ENSG00000078804",1007.08463607095,-1.3929902946138,0.273494437613301,-5.09330393250402,3.51876924191986e-07,2.35813839516501e-05,"TP53INP2"
"ENSG00000138109",735.650736870861,-4.05606313983464,0.796457870606519,-5.09262735610342,3.53135348326478e-07,2.36027777627466e-05,"CYP2C9"
"ENSG00000174145",6.7114223507842,-2.02340820214308,0.397406550067157,-5.09153208924499,3.55181745028517e-07,2.3676584706397e-05,"NWD2"
"ENSG00000276023",63.5227202057143,1.43954024812753,0.282846045465882,5.08948338222806,3.59040319969925e-07,2.38089100972924e-05,"DUSP14"
"ENSG00000184292",144.593899574438,2.63822324347147,0.518383025831873,5.08933184923983,3.59327321525238e-07,2.38089100972924e-05,"TACSTD2"
"ENSG00000134389",116.553003572487,-7.56634739459799,1.48779255418517,-5.08561988249896,3.66427287577442e-07,2.41569718161455e-05,"CFHR5"
"ENSG00000133119",215.213196353189,1.49080069015133,0.29316732555699,5.08515294915267,3.67329931774053e-07,2.41569718161455e-05,"RFC3"
"ENSG00000171051",61.4982691854324,1.81275851035479,0.356510505601456,5.08472676645684,3.68155672499452e-07,2.41569718161455e-05,"FPR1"
"ENSG00000258168",7.3638751557201,-1.50245605494942,0.295658400949396,-5.08172962488074,3.74013525088969e-07,2.44594111874358e-05,NA
"ENSG00000118946",68.6865181069467,1.40413175190174,0.276537714430182,5.07754161053589,3.82349788178905e-07,2.47737814668051e-05,"PCDH17"
"ENSG00000155324",254.942869877525,-1.0283176698524,0.202694806109328,-5.07323147341895,3.91116254634448e-07,2.52091184046201e-05,"GRAMD2B"
"ENSG00000134812",8.33195529256479,4.02515555668494,0.793474038851374,5.07282577576416,3.91951326553334e-07,2.52091184046201e-05,"CBLIF"
"ENSG00000003249",91.7131196681475,1.66514062063589,0.328576936901846,5.06773432224582,4.02578766793853e-07,2.57757892959291e-05,"DBNDD1"
"ENSG00000104356",98.1961494449603,1.157936784502,0.228502758518762,5.06749586748173,4.03083251494176e-07,2.57757892959291e-05,"POP1"
"ENSG00000163584",290.882666323245,1.59801305332433,0.315380567172999,5.06693569501937,4.0427077620629e-07,2.57861139006098e-05,"RPL22L1"
"ENSG00000204542",7.54762717260244,5.29741896173974,1.04568723075609,5.06596887284298,4.06328314162151e-07,2.58517388942001e-05,"C6orf15"
"ENSG00000101444",2124.36578752182,1.04712012432306,0.206761902625096,5.06437651728189,4.09739121433322e-07,2.60029137897495e-05,"AHCY"
"ENSG00000125398",1027.52237452047,1.23441120084372,0.243952166085711,5.06005427477948,4.19137154148535e-07,2.65323320425865e-05,"SOX9"
"ENSG00000163734",219.49811208087,2.09882932050777,0.415234815813374,5.05456007198367,4.31383966568555e-07,2.71069827213137e-05,"CXCL3"
"ENSG00000177675",378.972454710086,-2.00909720733739,0.397502916017738,-5.05429551930063,4.31982294819179e-07,2.71069827213137e-05,"CD163L1"
"ENSG00000162073",129.084260227865,1.38375673450052,0.273817208618025,5.05357841270986,4.33608175320048e-07,2.71069827213137e-05,"PAQR4"
"ENSG00000139292",330.623473724751,2.23793800141485,0.442919551880229,5.05269634613019,4.35616164020138e-07,2.7164937513623e-05,"LGR5"
"ENSG00000181634",104.676387849206,1.27952385269626,0.253547937181586,5.04647707616684,4.5003086001391e-07,2.79943701559643e-05,"TNFSF15"
"ENSG00000112210",114.488105449553,1.42276075446152,0.282231030666524,5.04112092529829,4.6281288434764e-07,2.8718396534668e-05,"RAB23"
"ENSG00000113296",60.4582510754297,2.55336755554847,0.5066804236466,5.03940439848016,4.66982822935275e-07,2.87977102599319e-05,"THBS4"
"ENSG00000138744",523.860628576022,-1.37856025852226,0.273906275994541,-5.03296338689857,4.82955392111188e-07,2.9530783355587e-05,"NAAA"
"ENSG00000109255",15.5093829958519,2.17065115697245,0.431565809374862,5.02971067174369,4.91220508824356e-07,2.99333473843311e-05,"NMU"
"ENSG00000139547",278.889354144892,-3.89271016254992,0.77404404303051,-5.02905512625524,4.92902680940888e-07,2.99333473843311e-05,"RDH16"
"ENSG00000163618",111.762559170542,1.65649786130205,0.329390845908728,5.02897357919006,4.93112324106206e-07,2.99333473843311e-05,"CADPS"
"ENSG00000109758",109.643419893016,-5.30635099845563,1.05552753344425,-5.02720282543526,4.97685885494692e-07,3.00769434758254e-05,"HGFAC"
"ENSG00000215644",49.9021469100083,-4.03068589493163,0.801786477841544,-5.02713129533248,4.97871492815382e-07,3.00769434758254e-05,"GCGR"
"ENSG00000151150",401.073786922139,-1.15622547199746,0.230219407591882,-5.02227628891801,5.10626569237777e-07,3.06266260418009e-05,"ANK3"
"ENSG00000134901",40.0285048678382,1.12870073352489,0.224788701179862,5.02116310829063,5.13595219635307e-07,3.07313368206069e-05,"POGLUT2"
"ENSG00000240505",39.2843472675433,-2.35590843487174,0.469496481137416,-5.01794694853568,5.22265935166336e-07,3.11529676796564e-05,"TNFRSF13B"
"ENSG00000035720",13.5408378512327,-1.78584281856591,0.355913427744248,-5.0176326020753,5.23120940703315e-07,3.11529676796564e-05,"STAP1"
"ENSG00000124207",904.195467775983,1.09856256447729,0.219156393316587,5.0126877334139,5.36749648867513e-07,3.18138099662487e-05,"CSE1L"
"ENSG00000122786",2542.3664649634,1.57226479341982,0.31381883839281,5.01010328593403,5.44008308466049e-07,3.21681712942595e-05,"CALD1"
"ENSG00000183018",226.335146143454,1.28793304604055,0.257646230995862,4.99884295245614,5.76753524328013e-07,3.37864634496208e-05,"SPNS2"
"ENSG00000065600",68.7508331031702,1.07843789633799,0.215852912610561,4.9961702313635,5.84800427855809e-07,3.41781850056845e-05,"PACC1"
"ENSG00000125864",18.1024452455084,1.74961625255585,0.350417180228427,4.99295226168798,5.94632592714162e-07,3.46721848897902e-05,"BFSP1"
"ENSG00000065325",48.2067242050277,-1.91999691102548,0.385263235585442,-4.98359753457367,6.24128303241093e-07,3.62239454705587e-05,"GLP2R"
"ENSG00000167107",588.431337505913,-1.26087072215727,0.253106071853913,-4.9815901804403,6.30638827176052e-07,3.64335272776123e-05,"ACSF2"
"ENSG00000230316",5.7674580385577,5.80529963007274,1.16564696076841,4.98032408221252,6.34778818670564e-07,3.65885928715824e-05,"FEZF1-AS1"
"ENSG00000160193",145.028380510365,1.10075903581939,0.221416546982327,4.97143980800701,6.64574979311411e-07,3.79578041024433e-05,"WDR4"
"ENSG00000146477",149.315814834177,2.02170777479484,0.408050081315043,4.95455795102255,7.24949088668584e-07,4.11257235831381e-05,"SLC22A3"
"ENSG00000253438",26.2833367203937,1.63209358864875,0.329529212240411,4.95280396403232,7.31516607992504e-07,4.14048285483325e-05,"PCAT1"
"ENSG00000182938",10.1828755605855,-5.02340801044127,1.01578089715565,-4.94536570288695,7.60010510709864e-07,4.28497917554427e-05,"OTOP3"
"ENSG00000148842",315.850476204108,-1.05361140903544,0.213165577737283,-4.94269018581398,7.70518782120076e-07,4.32230078425438e-05,"CNNM2"
"ENSG00000118113",4.22781729848258,4.29885079722036,0.871176708342117,4.93453366699993,8.03424868072028e-07,4.46700671670755e-05,"MMP8"
"ENSG00000162461",42.6881514089929,-1.80662468607444,0.366413320515246,-4.93056497928075,8.1992137396132e-07,4.52866902176306e-05,"SLC25A34"
"ENSG00000280219",8.32905529452226,2.38750934609898,0.484517948224944,4.92759732605519,8.32469592793804e-07,4.55981903467826e-05,NA
"ENSG00000159753",57.1705472161168,-1.25574413308364,0.254904585510609,-4.92633010335303,8.37883996182122e-07,4.55981903467826e-05,"CARMIL2"
"ENSG00000096384",10677.3795050348,1.09981435576531,0.223267979063924,4.92598338721213,8.39371293081289e-07,4.55981903467826e-05,"HSP90AB1"
"ENSG00000198542",83.6067455890349,2.28799747150233,0.464488920789623,4.92583863488666,8.39992984440804e-07,4.55981903467826e-05,"ITGBL1"
"ENSG00000105219",14.8850446752539,3.04466063959703,0.618182897406003,4.92517773036576,8.42837117520759e-07,4.55981903467826e-05,"CCNP"
"ENSG00000132964",362.563640866004,1.22746157321701,0.249399049911119,4.92167702184291,8.58057384467121e-07,4.61752465290005e-05,"CDK8"
"ENSG00000144648",25.0854757789164,-1.5141037568867,0.307782231489744,-4.91939950385716,8.68101250178841e-07,4.6516529889647e-05,"ACKR2"
"ENSG00000158859",158.945947148123,2.18983306455002,0.445544796888926,4.91495598162253,8.88024097018278e-07,4.74828374088646e-05,"ADAMTS4"
"ENSG00000145708",107.881681813453,-2.92977758730692,0.596404747104974,-4.91239816840566,8.9969112797222e-07,4.80045387198935e-05,"CRHBP"
"ENSG00000158865",5.91599634574562,-2.60967178539448,0.531736392640253,-4.90782993512362,9.2089652738515e-07,4.90318869273648e-05,"SLC5A11"
"ENSG00000197085",6.19789742397359,5.25695088800111,1.07170798710841,4.90520827616949,9.33282545340368e-07,4.95863079216676e-05,"NPSR1-AS1"
"ENSG00000283787",28.1727720453117,-1.3287255882404,0.271074765824818,-4.90169412928346,9.50136932742987e-07,5.03752980100507e-05,"PRR33"
"ENSG00000173557",19.4807181007117,2.17955750222593,0.444863944247958,4.8993799798958,9.61395561260972e-07,5.08649091579989e-05,"CIMIP2C"
"ENSG00000184937",22.2352284540715,4.69135888746349,0.958956005389253,4.89215236267195,9.97391834429634e-07,5.24532678160986e-05,"WT1"
"ENSG00000007933",407.098075981452,-3.49011567337836,0.713419855263779,-4.89209214970325,9.97697098400379e-07,5.24532678160986e-05,"FMO3"
"ENSG00000165188",25.5972879358002,2.10008240062167,0.42931680792915,4.891684559828,9.99765838363424e-07,5.24532678160986e-05,"RNF183"
"ENSG00000172061",22.7041771673011,1.9754696321991,0.40424550207871,4.88680671037983,1.02484619431844e-06,5.35455503314276e-05,"LRRC15"
"ENSG00000115593",4.3906757950166,5.57217931878024,1.1410771743927,4.88326245045245,1.0434483806646e-06,5.42917210237726e-05,"SMYD1"
"ENSG00000158201",480.979095775515,-1.07276881375059,0.220022245454425,-4.8757288679376,1.08407424410415e-06,5.57430915443209e-05,"ABHD3"
"ENSG00000113721",880.569135752082,1.24834695843559,0.256034751585261,4.87569343890367,1.0842688489814e-06,5.57430915443209e-05,"PDGFRB"
"ENSG00000181104",405.64237197859,1.08383554980648,0.222313344330709,4.87526087590219,1.08664754710611e-06,5.57430915443209e-05,"F2R"
"ENSG00000196950",247.621208528834,1.11945415942156,0.22972910883074,4.87293127596793,1.09954480372189e-06,5.61639440291358e-05,"SLC39A10"
"ENSG00000186047",12.3438383979667,1.48460867546161,0.304798414240387,4.87078871181637,1.11153653038564e-06,5.65466083909343e-05,"DLEU7"
"ENSG00000172689",3.77247575931832,-3.50448045869028,0.720727806459781,-4.86241883174219,1.15959934714712e-06,5.88725074609177e-05,"MS4A10"
"ENSG00000268027",12.4691949743402,-1.52259359994634,0.313293470502258,-4.85995956923514,1.17409728174826e-06,5.94883846524507e-05,NA
"ENSG00000117281",13.6301634765067,-1.98566933257056,0.408945755079463,-4.85558123028988,1.20034135133507e-06,6.06957313891381e-05,"CD160"
"ENSG00000118514",161.044304924368,-3.80533904080838,0.783930781440016,-4.85417734690592,1.20887516924588e-06,6.09116656764348e-05,"ALDH8A1"
"ENSG00000176533",84.2131130388794,-1.69922463748726,0.350067855971864,-4.85398647290779,1.21003993719427e-06,6.09116656764348e-05,"GNG7"
"ENSG00000138207",1847.02484282082,-3.4532646872838,0.711472794593402,-4.85368479796518,1.21188304636574e-06,6.09116656764348e-05,"RBP4"
"ENSG00000232803",34.8110042630291,2.06980494574925,0.426491709709478,4.85309537941354,1.21549194674416e-06,6.09711139992563e-05,"SLCO4A1-AS1"
"ENSG00000196793",54.0922701862382,1.30012472524889,0.267998433255921,4.85124002201667,1.22691957649143e-06,6.11780076920755e-05,"ZNF239"
"ENSG00000080293",9.29460502453798,-1.96778076712593,0.405988086850205,-4.84689287903161,1.25410098029673e-06,6.20409679839311e-05,"SCTR"
"ENSG00000104371",2.59281720768994,3.79995721407087,0.784180024645366,4.84577149971315,1.26120607436074e-06,6.22698818364632e-05,"DKK4"
"ENSG00000182240",799.270446262969,1.2200211310342,0.25187573023478,4.84374230854632,1.27416164167677e-06,6.24781015688042e-05,"BACE2"
"ENSG00000087303",211.732143577059,1.25030014615773,0.258138882225639,4.84351731663904,1.27560598320357e-06,6.24781015688042e-05,"NID2"
"ENSG00000166670",12.011575077631,3.47328106243773,0.717663211580882,4.83970894200738,1.30029420827522e-06,6.33360160214225e-05,"MMP10"
"ENSG00000223749",19.3564024330475,2.65227708278984,0.548059360906684,4.83939746673067,1.3023335893652e-06,6.33360160214225e-05,NA
"ENSG00000188822",8.09451494567238,-2.00523564819069,0.414526218630294,-4.83741572442999,1.3153812660748e-06,6.37410785784261e-05,"CNR2"
"ENSG00000083635",96.3703744796191,1.06981645315296,0.221203467334954,4.83634576818368,1.32247796937947e-06,6.37805139492261e-05,"NUFIP1"
"ENSG00000163220",162.44409171743,1.91353610360119,0.395664952060563,4.83625373851231,1.32309009198669e-06,6.37805139492261e-05,"S100A9"
"ENSG00000071539",116.948239550215,1.64342316441038,0.339913726573047,4.83482435669513,1.33263248434586e-06,6.40351567191127e-05,"TRIP13"
"ENSG00000026508",1802.67989082755,1.10052449665719,0.22765419742192,4.83419374261546,1.33686340448216e-06,6.41158668283229e-05,"CD44"
"ENSG00000241186",82.5082172480704,1.94606678624246,0.402640625539993,4.83325989182669,1.34315254197435e-06,6.42947933949666e-05,"CRIPTO"
"ENSG00000164171",737.141877509399,1.31122376129626,0.271398789018449,4.83135450249606,1.35607300742462e-06,6.46669274185735e-05,"ITGA2"
"ENSG00000256694",2.70172779220169,2.97882853930091,0.616736118894489,4.82998878781498,1.36540738909456e-06,6.49887369229836e-05,NA
"ENSG00000196923",420.610452351949,1.58909391225125,0.329159370423891,4.82773408578591,1.38095318700274e-06,6.56044131239432e-05,"PDLIM7"
"ENSG00000113739",163.394151380111,2.40942826451936,0.499251656967569,4.82607965520658,1.39246833826213e-06,6.58256696532614e-05,"STC2"
"ENSG00000139618",101.908990979072,1.41704898110849,0.293646060935069,4.8257040349737,1.3950955592296e-06,6.58256696532614e-05,"BRCA2"
"ENSG00000009724",126.579732469034,-2.7727350130529,0.574593137698923,-4.82556235209646,1.39608777705576e-06,6.58256696532614e-05,"MASP2"
"ENSG00000282608",25.8876902883103,-1.32875459553487,0.275818203602763,-4.81750144906518,1.45367035706711e-06,6.8412340343546e-05,"ADORA3"
"ENSG00000180096",101.415461609927,-1.17574349768307,0.244108909036288,-4.81647106746232,1.4611934030225e-06,6.8637853105343e-05,"SEPTIN1"
"ENSG00000236452",4.38618188941521,4.01397525380606,0.833609329702087,4.81517553941072,1.47070547842281e-06,6.89557824220964e-05,NA
"ENSG00000172594",682.712968975154,-1.67821144543858,0.348895451534369,-4.81006971589387,1.50877662751677e-06,7.06090603838436e-05,"SMPDL3A"
"ENSG00000162817",799.953478523891,-1.53252040660036,0.318682106494812,-4.80893145666874,1.51739221064473e-06,7.07487637211739e-05,"C1orf115"
"ENSG00000149124",92.3696290751409,-6.03591031368326,1.25533010282956,-4.80822558152482,1.52275878117929e-06,7.08675017218829e-05,"GLYAT"
"ENSG00000172349",170.991534757065,-1.27503602851192,0.265231259886351,-4.80726151607569,1.5301177877941e-06,7.09907666881207e-05,"IL16"
"ENSG00000122034",896.552326427204,1.53265122706052,0.3188281627929,4.80713878483839,1.53105708268519e-06,7.09907666881207e-05,"GTF3A"
"ENSG00000276043",128.621093162599,1.36315402248344,0.283617720284511,4.80630766341395,1.5374324798439e-06,7.11484454723721e-05,"UHRF1"
"ENSG00000135116",3.66812778813888,-2.77138194606549,0.576780889899974,-4.80491291337012,1.54818877407785e-06,7.13178472902823e-05,"HRK"
"ENSG00000075618",264.391661035414,1.57266369853197,0.327314477692365,4.8047483558307,1.54946260079162e-06,7.13178472902823e-05,"FSCN1"
"ENSG00000246898",33.3451970236972,1.42286437875974,0.296315829075474,4.80185072528583,1.57205869431344e-06,7.19624900670148e-05,NA
"ENSG00000239672",113.088373855062,1.15839747566703,0.241693830632969,4.79283013816828,1.64444851249862e-06,7.43827832381264e-05,"NME1"
"ENSG00000179241",84.2943878053662,1.38427227100074,0.288830301474457,4.79268367596522,1.64564989377256e-06,7.43827832381264e-05,"LDLRAD3"
"ENSG00000204956",8.80076171244788,1.96955010968664,0.411340478508364,4.78812616941755,1.68345802543151e-06,7.57036180554421e-05,"PCDHGA1"
"ENSG00000229960",4.57125534808754,2.8813742815175,0.601781688774153,4.78807237785342,1.68390921543083e-06,7.57036180554421e-05,NA
"ENSG00000182747",60.9661671255466,3.47137596197409,0.725357960551435,4.78574186920767,1.70356891447586e-06,7.64506971244515e-05,"SLC35D3"
"ENSG00000186431",5.67329784639935,3.47657053871147,0.727052761693857,4.78173073796172,1.73792367756991e-06,7.75768382611181e-05,"FCAR"
"ENSG00000145040",2.54413613737237,3.08520762846984,0.645635892325601,4.77855655973032,1.76558099949443e-06,7.85324178730877e-05,"UCN2"
"ENSG00000171551",5.06913276624608,3.69879428477398,0.774302849266595,4.77693487538811,1.77987385579075e-06,7.90282859891825e-05,"ECEL1"
"ENSG00000211689",5.7681910649706,-1.73405957939836,0.36323087712029,-4.77398725886429,1.80613813426573e-06,7.99068755984989e-05,"TRGC1"
"ENSG00000100625",4.07248296171635,2.15658736425699,0.451838144164665,4.77292010891194,1.81573831285938e-06,7.99068755984989e-05,"SIX4"
"ENSG00000171017",6.77325712299226,1.93429482761321,0.4053087965628,4.77239784583236,1.82045449102772e-06,7.99068755984989e-05,"LRRC8E"
"ENSG00000165732",1395.98150443194,1.10980317190443,0.232554127823044,4.77223596198173,1.82191873454856e-06,7.99068755984989e-05,"DDX21"
"ENSG00000146039",310.897699411947,-2.20182323945493,0.461542262504453,-4.77057773107763,1.83698278838567e-06,8.04272028831365e-05,"SLC17A4"
"ENSG00000078114",553.770798517799,1.4424961741884,0.302446684028369,4.76942301028205,1.84754335807884e-06,8.07488906641378e-05,"NEBL"
"ENSG00000262188",8.10310055588788,2.36642962958146,0.496457420121257,4.76663160559364,1.8733138212725e-06,8.13451526396034e-05,"LINC01978"
"ENSG00000159259",85.2580990852709,1.10456314832969,0.23173102105853,4.76657438129832,1.87384571606498e-06,8.13451526396034e-05,"CHAF1B"
"ENSG00000116882",101.133396869877,-5.13041842580771,1.07755182346748,-4.7611802180413,1.92464079784569e-06,8.32498242524269e-05,"HAO2"
"ENSG00000177464",36.0978008585002,1.5141808607779,0.318431451617226,4.7551234436416,1.98325196479379e-06,8.54907463588897e-05,"GPR4"
"ENSG00000073734",175.889413652739,-3.19403245116772,0.671898415090341,-4.75374309483713,1.99684747068262e-06,8.57706448622053e-05,"ABCB11"
"ENSG00000124225",1210.85649478244,1.69298056199502,0.356156824841487,4.75346938177727,1.99955397583289e-06,8.57706448622053e-05,"PMEPA1"
"ENSG00000260604",6.23077330151621,3.65132226251807,0.768396177413616,4.75187457960586,2.01539377509005e-06,8.61375186424966e-05,"TGILR"
"ENSG00000151012",82.6391701142249,1.77972216897754,0.374656159127792,4.75028135963591,2.03133817487596e-06,8.66715783918636e-05,"SLC7A11"
"ENSG00000273079",66.0143418512124,1.82861013366995,0.385364801726017,4.74514051485699,2.08361644363435e-06,8.84516298057007e-05,"GRIN2B"
"ENSG00000154822",181.651330533195,-1.47046186750754,0.310218348217716,-4.74008670330339,2.13626784615204e-06,9.02294911624316e-05,"PLCL2"
"ENSG00000122971",834.792557612252,-1.25815872230391,0.26545967712677,-4.73954739914444,2.14196126580446e-06,9.03181687431741e-05,"ACADS"
"ENSG00000273604",73.9197636055208,2.05094086260437,0.432846130612758,4.73826775279464,2.15552882938355e-06,9.05498649491269e-05,"EPOP"
"ENSG00000250056",73.1912608637169,-3.9270747109206,0.828832843780314,-4.73807805806678,2.15754709553543e-06,9.05498649491269e-05,"LINC01018"
"ENSG00000123989",787.840446685354,1.14576889943767,0.241824892479416,4.73801058150042,2.15826545320628e-06,9.05498649491269e-05,"CHPF"
"ENSG00000137745",2.58085131708677,4.12937512648488,0.872422650212973,4.73322778297518,2.20977261944348e-06,9.21937868683064e-05,"MMP13"
"ENSG00000132000",30.6744762715594,1.69271246741304,0.357821765578263,4.7306023004987,2.23854684520871e-06,9.28332025857096e-05,"PODNL1"
"ENSG00000285278",2.4297787092771,2.49258828784014,0.527741665984391,4.7231220282574,2.3225139566539e-06,9.55900161699212e-05,"TFAP2A-AS2"
"ENSG00000234663",5.29438246654144,-1.69370136417594,0.358633238404444,-4.72265585786529,2.32784568445314e-06,9.55900161699212e-05,NA
"ENSG00000118473",26.220551621845,1.24416427478134,0.263689607322418,4.71829090048314,2.37834248935502e-06,9.68721638573437e-05,"SGIP1"
"ENSG00000101188",11.0713782353423,2.97152820212921,0.629982870993277,4.71683967763137,2.39536295513388e-06,9.74075508502742e-05,"NTSR1"
"ENSG00000101255",345.199894351418,1.90740736555119,0.404697651233667,4.71316638418018,2.43896887896487e-06,9.90205604156159e-05,"TRIB3"
"ENSG00000147614",22.4612416916066,-1.77134783838682,0.376132994595976,-4.70936573987486,2.48488832165198e-06,0.00010072214259909,"ATP6V0D2"
"ENSG00000228278",332.01137251005,-4.77023394966794,1.013752170525,-4.70552279774407,2.53216204961877e-06,0.000102308303004774,"ORM2"
"ENSG00000271503",282.769615004961,-1.4468214957621,0.307676857205596,-4.70240598822585,2.5711361424915e-06,0.000103716247828177,"CCL5"
"ENSG00000250899",43.0966147168633,1.29515799640475,0.275691091268482,4.69785944277563,2.62902247493746e-06,0.000105711942108245,NA
"ENSG00000136108",346.480813049345,1.30594771534235,0.278097302272356,4.69601001042207,2.65292545284974e-06,0.000106502667021672,"CKAP2"
"ENSG00000160183",61.7298337721133,1.48476525578442,0.316252207524239,4.69487712799797,2.66767025136735e-06,0.000106753536762918,"TMPRSS3"
"ENSG00000047457",2406.05575643434,-2.9532537622795,0.62923126836495,-4.69343135148622,2.68660172066672e-06,0.000107340203246543,"CP"
"ENSG00000117877",41.8536911614021,1.24569186166395,0.2654526382585,4.69270853677065,2.69611477077372e-06,0.000107448827845437,"POLR1G"
"ENSG00000112984",145.111947624823,1.27874482423702,0.272503929859155,4.69257388287188,2.69789053513057e-06,0.000107448827845437,"KIF20A"
"ENSG00000101224",684.690909501743,1.31278323774285,0.280009643115691,4.68835009800161,2.75416549022356e-06,0.000108999894385525,"CDC25B"
"ENSG00000228013",1.77893368943791,-2.42367663843246,0.517216812739369,-4.68599739748557,2.78599802888461e-06,0.000110086346641351,"IL6R-AS1"
"ENSG00000183734",467.744949242865,2.14277878198753,0.457403048545984,4.6846622225171,2.80421995122051e-06,0.00011045901503781,"ASCL2"
"ENSG00000042980",169.160966997203,-1.3920086938919,0.297164556217103,-4.68430256828787,2.8091478834714e-06,0.000110479961595492,"ADAM28"
"ENSG00000203805",10.40259312378,3.17750568611515,0.678417644663636,4.68370142066482,2.817403282656e-06,0.000110631502963169,"PLPP4"
"ENSG00000121895",20.1299088701801,-1.37157740789073,0.292957351715874,-4.68183303766674,2.84321016304187e-06,0.000111470693615297,"TMEM156"
"ENSG00000123610",28.5137842889788,1.92855530872851,0.411995734901183,4.68100794584941,2.85467873341874e-06,0.000111745998831069,"TNFAIP6"
"ENSG00000146858",56.3025665259064,1.19847003096275,0.256406805178997,4.67409603316143,2.95251162741503e-06,0.0001146824879576,"ZC3HAV1L"
"ENSG00000183747",88.0485666891007,-5.5687909547134,1.19193023240707,-4.6720779482767,2.98167754188575e-06,0.000115458456556442,"ACSM2A"
"ENSG00000198467",1234.6112531471,1.75849126623724,0.376502387996917,4.6705979093329,3.00324294847356e-06,0.000116114613135522,"TPM2"
"ENSG00000163638",141.877432387631,1.33405170771877,0.285730115907467,4.66892229221928,3.02783869354736e-06,0.000116484636749567,"ADAMTS9"
"ENSG00000260719",5.87273082883345,-1.96075734536415,0.419975722936751,-4.66873973489044,3.03053002677091e-06,0.000116484636749567,NA
"ENSG00000268756",29.9192899530391,2.56486224359609,0.549702767086658,4.66590746339057,3.07257964899501e-06,0.000117888548334189,NA
"ENSG00000253958",437.776351059601,-1.65751211206117,0.355312818448268,-4.6649375592468,3.08710765712539e-06,0.000118265400200028,"CLDN23"
"ENSG00000170801",247.287508919899,1.72614860069163,0.370055306021961,4.66456924843877,3.0926417576887e-06,0.000118297077644558,"HTRA3"
"ENSG00000113083",154.324820024793,1.33749359476097,0.286812675416755,4.66330015860534,3.11178360918145e-06,0.000118803811137902,"LOX"
"ENSG00000177839",12.0240384714497,2.4258475282708,0.520225981146726,4.66306492982827,3.11534405872735e-06,0.000118803811137902,"PCDHB9"
"ENSG00000163577",57.452339240562,1.16202199480468,0.249631374177388,4.65495172084801,3.24056631132149e-06,0.000122458404798759,"EIF5A2"
"ENSG00000129455",6.67696939558705,5.0207007477356,1.07862510609202,4.65472268295901,3.24417050013166e-06,0.000122458404798759,"KLK8"
"ENSG00000163359",3685.13087617267,1.55058168814452,0.333147300862784,4.65434264101444,3.25015940475001e-06,0.000122458404798759,"COL6A3"
"ENSG00000128059",145.515980518935,1.12242155585468,0.241670671586564,4.6444260219331,3.4102321538935e-06,0.000126778911626476,"PPAT"
"ENSG00000154975",2.3107929156774,-2.02603899641808,0.436312939516888,-4.64354552184823,3.42480489433201e-06,0.000127132602362567,"CA10"
"ENSG00000162004",28.2120055093651,1.75115149529655,0.377336877533587,4.64081726319123,3.47033915795606e-06,0.000128066216414969,"CCDC78"
"ENSG00000205869",8.3039552605792,1.75746719350178,0.378892922903892,4.63842707863818,3.51070757523647e-06,0.000128857549187091,"KRTAP5-1"
"ENSG00000178776",5.34902923021773,3.57339675894307,0.770398098606896,4.63837691890052,3.51155954013121e-06,0.000128857549187091,"C5orf46"
"ENSG00000184489",417.572090941577,1.80006636592139,0.388092807055768,4.63823686807657,3.51393935788077e-06,0.000128857549187091,"PTP4A3"
"ENSG00000276644",215.297286191151,1.77666678873909,0.383250841282556,4.63578053160545,3.55593099653525e-06,0.00012988968295629,"DACH1"
"ENSG00000143786",15.0216769009813,1.35858835187353,0.293406726609796,4.63039265517702,3.64972956477901e-06,0.000132545308804135,"CNIH3"
"ENSG00000213996",10.4512341404134,-1.70963342903136,0.369247269406776,-4.63005029604691,3.65576923157197e-06,0.000132573068627179,"TM6SF2"
"ENSG00000124772",117.463237193133,-1.23697567253385,0.267266744112207,-4.62824387913569,3.68779580186283e-06,0.000133541781407226,"CPNE5"
"ENSG00000131482",263.691767623686,-3.45698347386533,0.747293158644936,-4.62600712166812,3.72782485503895e-06,0.000134797074002854,"G6PC1"
"ENSG00000071282",124.94392526208,1.08583493924183,0.23478002048996,4.62490350318488,3.74772836563542e-06,0.000135322071202276,"LMCD1"
"ENSG00000128311",1207.30144109421,-1.15394054287336,0.249539846516881,-4.62427367404546,3.7591328088104e-06,0.000135539119968743,"TST"
"ENSG00000139193",55.6831368716719,-1.49274379923483,0.323276906107166,-4.61753923968818,3.88317270342646e-06,0.000139761880456457,"CD27"
"ENSG00000183963",806.583707902568,1.23107343230805,0.26683314380989,4.61364512193112,3.95667771520169e-06,0.000141769642125776,"SMTN"
"ENSG00000132464",9.29329710237647,-1.98722152659918,0.430768979632441,-4.61319551908031,3.96524975062187e-06,0.000141769642125776,"ENAM"
"ENSG00000104892",2.12649562995562,3.43217146248036,0.743994522042923,4.61316765217036,3.96578164077914e-06,0.000141769642125776,"KLC3"
"ENSG00000166682",26.8649628116895,3.20065972775698,0.694144253234589,4.61094320502184,4.00846051968354e-06,0.000143091791647965,"TMPRSS5"
"ENSG00000105855",177.896299704871,1.25246258152195,0.271662970261118,4.61035444145405,4.01983017080843e-06,0.000143294116344094,"ITGB8"
"ENSG00000154263",40.1373645330515,-1.7287958045713,0.375236194568353,-4.60722027777727,4.08087627562644e-06,0.000145058701107169,"ABCA10"
"ENSG00000160868",1086.05603819486,-2.76144568228979,0.599421001060174,-4.60685507749264,4.08804703734072e-06,0.000145108347592386,"CYP3A4"
"ENSG00000179520",8.65304226606762,-2.61927478981647,0.568804588365479,-4.60487633783552,4.12711032728145e-06,0.000145671923644537,"SLC17A8"
"ENSG00000183199",75.3577068172997,1.09926294398725,0.238743155270351,4.60437470026085,4.13707009698273e-06,0.000145818665648349,"HSP90AB3P"
"ENSG00000108244",285.155949360661,3.47750348552101,0.755527865673446,4.60274682578558,4.16954964977405e-06,0.000146757636202341,"KRT23"
"ENSG00000155918",5.85097686095039,3.89141873738123,0.845992006605328,4.59982920287408,4.22837482291681e-06,0.000148412412953523,"RAET1L"
"ENSG00000177133",5.38895676942917,-1.56527307773571,0.340504909120016,-4.59691780004265,4.2878668275915e-06,0.000149664418394725,"PRDM16-DT"
"ENSG00000188064",4.0642829041184,3.71110029453027,0.808009524019593,4.59289177195426,4.37145801467364e-06,0.000152370473462917,"WNT7B"
"ENSG00000232679",2.01687737074294,4.33601379058378,0.944390597957324,4.59133519537614,4.40419341327528e-06,0.000153086839099614,"LINC02257"
"ENSG00000183034",206.725567270002,-4.55665896410684,0.99276321371904,-4.58987490787145,4.43511723932203e-06,0.000153948800195307,"OTOP2"
"ENSG00000100196",187.147174700813,1.0528863277336,0.229450268500511,4.5887343458535,4.45941496986729e-06,0.0001545787001486,"KDELR3"
"ENSG00000183019",10.864709260985,3.09697871126867,0.674996451348172,4.58814073034468,4.47211134485242e-06,0.000154805275767887,"MCEMP1"
"ENSG00000100197",272.625382015901,-2.26456526657885,0.494188891354198,-4.58238804270445,4.59695837525072e-06,0.000157607313681345,"CYP2D6"
"ENSG00000275896",7.71771356922452,4.79896390658779,1.04972866830342,4.57162317415215,4.83960672515221e-06,0.000164579372949662,"PRSS2"
"ENSG00000278535",704.044650055669,-1.46582101175198,0.320661772863324,-4.57123715952496,4.84853169034547e-06,0.000164660067446043,"DHRS11"
"ENSG00000175600",45.3232278618251,-1.45255777298918,0.317985158145051,-4.56800493916948,4.92388432650902e-06,0.000166768378719,"SUGCT"
"ENSG00000229807",35.7166247187823,-5.44082223453099,1.1915524419433,-4.56616263205132,4.96733444227419e-06,0.000168013569137002,"XIST"
"ENSG00000184497",59.4641499129375,1.34491647234464,0.29456324484752,4.56579867267836,4.97596161313852e-06,0.000168079154972828,"TMEM255B"
"ENSG00000170858",1.98775945394011,-2.57896799988179,0.564951879919841,-4.56493392012027,4.99651700410048e-06,0.000168546938026912,"LILRP2"
"ENSG00000204366",72.1247988455784,1.16458357272329,0.255218822575989,4.56307869838459,5.04089081614862e-06,0.000169815854022293,"ZBTB12"
"ENSG00000235105",6.23782708472939,-1.06574986912499,0.234013741496574,-4.55421917665714,5.25805129464394e-06,0.000175718200911831,NA
"ENSG00000171227",381.4206399159,-1.51595372013148,0.333142176724715,-4.55047071804469,5.35260360326066e-06,0.000178167259806018,"TMEM37"
"ENSG00000248810",8.26132996440637,4.31256385923447,0.948722409370346,4.54565404657898,5.47649255820366e-06,0.00018180942467664,"LINC02432"
"ENSG00000104341",785.583217191467,1.20693218040896,0.265547666248508,4.54506792494072,5.49175413431222e-06,0.000181835669498551,"LAPTM4B"
"ENSG00000074181",601.64484946744,1.33585741984199,0.294077918346313,4.54252882145628,5.55833942645671e-06,0.000183556672964893,"NOTCH3"
"ENSG00000129596",141.012727343503,-3.02393852975763,0.666053082517797,-4.54008638219437,5.62311858688011e-06,0.00018520916540876,"CDO1"
"ENSG00000163518",5.65175313532433,-2.56983201091392,0.566170201162113,-4.53897433252247,5.65285157518468e-06,0.000185944781329799,"FCRL4"
"ENSG00000118515",660.606133993474,-1.2647542526658,0.278762484200545,-4.53703178995896,5.70515093387086e-06,0.000187175128092831,"SGK1"
"ENSG00000182481",659.336233398655,1.06104971581664,0.233916673559234,4.53601575155758,5.73269004538935e-06,0.000187588845743073,"KPNA2"
"ENSG00000197992",5.07081165015838,-1.69617240741689,0.374233405761689,-4.53239176755111,5.83195593630332e-06,0.000190496569704683,"CLEC9A"
"ENSG00000167705",179.758978120065,-1.0945394864391,0.241556963998929,-4.53118580528256,5.86535217895678e-06,0.000191183094175568,"RILP"
"ENSG00000148735",170.395777090509,1.68178653938881,0.371230557724655,4.53030200341482,5.88994309982695e-06,0.000191444068898314,"PLEKHS1"
"ENSG00000111110",283.454395772143,1.28506879732647,0.284054933908764,4.52401505456415,6.06774055534825e-06,0.000196252751475491,"PPM1H"
"ENSG00000155850",8566.1578849177,-2.32824324079866,0.51490508129983,-4.52169404683524,6.13466862038029e-06,0.000197907099503264,"SLC26A2"
"ENSG00000212993",18.048752189204,2.30824651675833,0.510535117655676,4.52122966066969,6.1481441027431e-06,0.000197907099503264,"POU5F1B"
"ENSG00000167315",1137.91776531778,-1.02393638731931,0.226653057807234,-4.51763764947817,6.25333761556873e-06,0.000200194430085169,"ACAA2"
"ENSG00000095777",3.68204825142618,-2.40691035557261,0.532870112417711,-4.51688000411977,6.27574445283927e-06,0.00020065614992914,"MYO3A"
"ENSG00000274736",8.09067884975481,-1.7831048403694,0.394821344495886,-4.51623212682713,6.2949658911449e-06,0.000200759883008074,"CCL23"
"ENSG00000115386",79.7865435450517,2.97989073540621,0.660107200489488,4.51425273530804,6.35404070951676e-06,0.000202130882368184,"REG1A"
"ENSG00000103257",672.353571806339,1.82625146792024,0.40472916182127,4.5122804092054,6.41343204673735e-06,0.000203762276569604,"SLC7A5"
"ENSG00000113361",53.3717311621276,1.26862081880503,0.281248136495444,4.51068168704324,6.46196268445915e-06,0.000205044929574675,"CDH6"
"ENSG00000184916",219.639957096607,1.29147878429232,0.286373057634537,4.50977754318102,6.4895641116718e-06,0.000205486390375376,"JAG2"
"ENSG00000111846",95.1450333346109,-1.88447026910874,0.417871311892295,-4.50969046086241,6.49222848108107e-06,0.000205486390375376,"GCNT2"
"ENSG00000118804",105.996185192336,-1.00723165894185,0.22354286170734,-4.50576525346853,6.61341678658983e-06,0.000209058839325521,"STBD1"
"ENSG00000168005",144.449644949272,1.12773766164749,0.250317197010695,4.50523445897848,6.62996990648949e-06,0.000209318811206014,"SPINDOC"
"ENSG00000169764",2185.83955127863,-1.10605490788959,0.245532815613058,-4.50471316890142,6.646265199101e-06,0.000209453776878828,"UGP2"
"ENSG00000063438",28.3885348023278,-1.24768940552277,0.27698334755699,-4.50456468422185,6.65091376981834e-06,0.000209453776878828,"AHRR"
"ENSG00000141756",658.941113523897,1.48185481638706,0.329733500787584,4.49409845480539,6.98653008194478e-06,0.000218954620646742,"FKBP10"
"ENSG00000139734",105.022919945653,1.5239729012753,0.339470607802838,4.48926318286857,7.14699526106575e-06,0.000223675140605035,"DIAPH3"
"ENSG00000118257",337.457828984472,1.38208177179171,0.308215208141703,4.48414528317593,7.32067739029406e-06,0.000228541544714882,"NRP2"
"ENSG00000278709",29.8776595677486,1.67470294351596,0.373590208578263,4.48272707651846,7.36951564789237e-06,0.000229780766435711,"NKILA"
"ENSG00000165471",105.43797170083,-6.09347270315843,1.36023006799508,-4.47973680815625,7.47351343182859e-06,0.000231872674142326,"MBL2"
"ENSG00000203497",17.3038840196548,-1.21244259112576,0.270829020588982,-4.47678239388458,7.57764154760693e-06,0.000234813452198409,NA
"ENSG00000163817",104.091742916128,2.76247987568097,0.617112018220568,4.47646423034595,7.58893757821473e-06,0.00023487387965285,"SLC6A20"
"ENSG00000006625",347.912837273498,1.01324861406824,0.226377446190907,4.47592563268761,7.60809657586842e-06,0.000235177214081364,"GGCT"
"ENSG00000171791",222.118422622124,-1.16268479833906,0.259848446161568,-4.47447277639724,7.66000849361513e-06,0.000235827423716905,"BCL2"
"ENSG00000124787",54.0379289340694,1.0770121534613,0.240823105322535,4.47221271405355,7.74143639570819e-06,0.000237836232347852,"RPP40"
"ENSG00000146670",218.116005493239,1.29046986225452,0.288802949664544,4.46834031215211,7.88288267246349e-06,0.000241886110429402,"CDCA5"
"ENSG00000186193",331.87182570772,1.50991114289934,0.338062745405197,4.46636360681974,7.95603449278496e-06,0.000243657118813529,"SAPCD2"
"ENSG00000088826",135.30739430583,1.49679822352075,0.335176011201071,4.46570808619961,7.98043626921629e-06,0.00024398581980739,"SMOX"
"ENSG00000134297",25.998770355652,1.1722162026531,0.262597477693631,4.46392788288967,8.04706590530337e-06,0.000245425556393961,NA
"ENSG00000165702",6.81339363977675,-1.8697952721689,0.4188920732773,-4.46366830849798,8.05682559488352e-06,0.000245425556393961,"GFI1B"
"ENSG00000137309",1888.23449661329,1.16061473243775,0.260106752654245,4.46207074823827,8.11714154799999e-06,0.00024673413506928,"HMGA1"
"ENSG00000158296",62.2678169692979,2.60532974460426,0.583891423882908,4.46201063766048,8.11941943027714e-06,0.00024673413506928,"SLC13A3"
"ENSG00000088002",70.2934334884425,1.91321419272034,0.428916688570651,4.46057298235714,8.17408160965131e-06,0.000247795952873519,"SULT2B1"
"ENSG00000183134",41.1300467753007,-1.71185530943084,0.383876080476112,-4.45939561357319,8.21910906542284e-06,0.000248860758943544,"PTGDR2"
"ENSG00000111796",43.4509827714926,-1.4375002044774,0.322372126715896,-4.45913304950295,8.22918288483157e-06,0.000248865938722867,"KLRB1"
"ENSG00000175065",7.85305430639125,1.74967335543527,0.392513945244772,4.45760813502862,8.28792313539582e-06,0.000250341101340904,"DSG4"
"ENSG00000136573",23.1257870029693,-1.93102413961853,0.433486050158785,-4.45463963352731,8.40342230882077e-06,0.000252917851548473,"BLK"
"ENSG00000175189",89.0411779627516,-5.29546311464749,1.18889521748518,-4.45410414371822,8.42442040025368e-06,0.000253246541960257,"INHBC"
"ENSG00000101230",21.1432874777865,2.4047827533819,0.540033318632791,4.45302663818988,8.46682455914038e-06,0.000254045418948581,"ISM1"
"ENSG00000163032",124.584958986212,1.57399418904889,0.353662314947568,4.4505567105227,8.56479720330209e-06,0.000256545790841698,"VSNL1"
"ENSG00000106366",802.80597742008,2.41259839000087,0.542328669535413,4.44859091087261,8.64354637763012e-06,0.000258288898949135,"SERPINE1"
"ENSG00000283525",4.42183173683946,-2.49203571218668,0.560304651576681,-4.44764416139356,8.68171922025876e-06,0.00025896485925863,NA
"ENSG00000138795",86.1130873329319,1.83943987294959,0.413832490283471,4.44488994010497,8.79368738004499e-06,0.000261841418895629,"LEF1"
"ENSG00000072657",31.7291293791395,-1.78910074902966,0.40277577668531,-4.44192737645067,8.91566539224424e-06,0.000264221211052464,"TRHDE"
"ENSG00000171864",5.38168477217356,2.51857255481752,0.567090189580925,4.44122046385378,8.94500921057738e-06,0.00026477859419437,"PRND"
"ENSG00000270589",4.1584637827843,-1.42342449092865,0.320645136784444,-4.43925176973931,9.0272165247372e-06,0.000266271101506069,NA
"ENSG00000281100",7.11093519853515,-1.70307993474927,0.383826119122207,-4.43711318720084,9.11733580748267e-06,0.000267048678528959,NA
"ENSG00000065328",81.7344125484599,1.43385025283665,0.323333286702861,4.43458905038236,9.22480838687381e-06,0.000269276907115596,"MCM10"
"ENSG00000224080",14.4593725793987,-1.39014484130424,0.313478946956799,-4.4345716189222,9.22555477404513e-06,0.000269276907115596,NA
"ENSG00000219481",189.634723727908,-1.05360465012325,0.237631740519728,-4.43377070680412,9.25991084358992e-06,0.000269966147807724,"NBPF1"
"ENSG00000173391",50.4706992295585,2.45593053974091,0.554199145841117,4.43149463179612,9.35821433180585e-06,0.00027220056061645,"OLR1"
"ENSG00000109084",328.859617353828,1.19198163413829,0.269061396898245,4.43014734881895,9.41687228940664e-06,0.000273590078040553,"TMEM97"
"ENSG00000255970",1.84231430110347,-2.46080280891743,0.555898814933528,-4.42670993859139,9.56812569133982e-06,0.00027670490995289,"LINC02421"
"ENSG00000259834",43.7716133752735,-1.52330787793996,0.344258978803121,-4.42488931802453,9.64917421325297e-06,0.000277973868081982,NA
"ENSG00000164442",525.101375432615,-1.01127328546829,0.228550224598762,-4.42473109463645,9.65624873007721e-06,0.000277973868081982,"CITED2"
"ENSG00000104549",608.381786183271,1.41303361876048,0.319400326870773,4.42402057820118,9.68807861498256e-06,0.000278571056834241,"SQLE"
"ENSG00000128683",6.44969571707287,3.33635743520189,0.754578600228528,4.42148430155779,9.80251873592887e-06,0.000280897489569702,"GAD1"
"ENSG00000152413",44.7271283221478,1.48894690775707,0.336880219519473,4.41981102327975,9.87872496713898e-06,0.00028275881224279,"HOMER1"
"ENSG00000183853",410.997017500317,1.13581855865497,0.256999861946986,4.41952983962797,9.8915863423086e-06,0.000282804842285048,"KIRREL1"
"ENSG00000279806",19.1258054462632,2.51300019496649,0.568843109467319,4.41773865788712,9.97389143307271e-06,0.000284694831095861,NA
"ENSG00000140511",90.3535946941571,1.36043752511018,0.307973293408221,4.41738798210308,9.99008142521768e-06,0.000284694831095861,"HAPLN3"
"ENSG00000183508",605.934482998411,-1.45452612133977,0.329293732283262,-4.41710843159495,1.00030056845189e-05,0.000284694831095861,"TENT5C"
"ENSG00000118707",217.204830967475,1.19399934123697,0.270462022420565,4.41466543269544,1.01166327180175e-05,0.000286953833901238,"TGIF2"
"ENSG00000110944",16.8140696635746,2.06691585873317,0.468327276673463,4.41340054633271,1.01759475331006e-05,0.000288310865224749,"IL23A"
"ENSG00000057704",493.167035699378,-1.43936031355268,0.326373436042313,-4.41016380195253,1.03292456179262e-05,0.000292324630207323,"TMCC3"
"ENSG00000150593",2572.75597892472,-1.1543823158902,0.261774295395594,-4.40983830801909,1.03447830669983e-05,0.000292435031784853,"PDCD4"
"ENSG00000165244",106.710695727359,1.07245468481637,0.243457293219247,4.40510395328584,1.05733161472273e-05,0.000298224475977519,"ZNF367"
"ENSG00000168016",700.166433657595,-1.1231378699729,0.255025166649342,-4.40402758962691,1.06259420608916e-05,0.000299086925045032,"TRANK1"
"ENSG00000162365",70.3980247013894,-6.00962460517299,1.36458578224116,-4.40399180717166,1.06276958364257e-05,0.000299086925045032,"CYP4A22"
"ENSG00000172543",41.07358155778,-1.53117734593725,0.347740217784874,-4.40322190999631,1.06654971807265e-05,0.000299814999607201,"CTSW"
"ENSG00000234753",12.9750429932073,1.49092276743716,0.338682245771255,4.40212850260868,1.07194033268134e-05,0.000300993659224747,"FOXP4-AS1"
"ENSG00000198670",40.0917084215718,-4.64490405582807,1.05638992667786,-4.39695981429451,1.09777659675425e-05,0.000306535818367012,"LPA"
"ENSG00000169035",29.809649083792,4.95113502880073,1.12730941763621,4.39199296248451,1.12316335657628e-05,0.000311946929091809,"KLK7"
"ENSG00000172497",42.4767455939037,-5.62064829289078,1.28011763896392,-4.39072794703457,1.12971814831365e-05,0.000313365858557068,"ACOT12"
"ENSG00000260573",16.4381091154267,5.44389162010661,1.24107965863342,4.3864159582641,1.15233659041866e-05,0.000318460653722197,"LOC124903770"
"ENSG00000116017",365.247168005141,1.4539775775013,0.331484464716841,4.38626159673369,1.15315425127213e-05,0.000318460653722197,"ARID3A"
"ENSG00000184254",113.487295219143,1.175975295419,0.268155412653656,4.38542442153823,1.15759846639301e-05,0.000319337069801566,"ALDH1A3"
"ENSG00000178531",8.21393585338673,2.33528447366503,0.532857337381758,4.38256979839982,1.17287571652265e-05,0.000322842712288397,"CTXN1"
"ENSG00000164344",131.818000534809,-2.70420503195933,0.617415809518174,-4.37987656012513,1.18746555989752e-05,0.000326266154426037,"KLKB1"
"ENSG00000206075",255.825165249331,2.55828277451294,0.584197789850296,4.3791380572811,1.19149634860568e-05,0.00032689404734508,"SERPINB5"
"ENSG00000012124",69.9478678529316,-1.63236224973871,0.372963353539402,-4.37673630464677,1.20469573355188e-05,0.000330154945255096,"CD22"
"ENSG00000108106",109.205796400666,1.14105960779672,0.260810091930538,4.37505925997918,1.21399493616875e-05,0.000331506758961417,"UBE2S"
"ENSG00000134317",50.5973772585158,1.45079219654169,0.331616964447507,4.37490343402301,1.21486245997705e-05,0.000331506758961417,"GRHL1"
"ENSG00000232445",25.886946007843,2.22952124844857,0.509616990708842,4.37489583176467,1.21490479886779e-05,0.000331506758961417,NA
"ENSG00000187091",336.458303231493,-1.2020680031425,0.274983558864922,-4.3714177244065,1.23442366376172e-05,0.000336102937096378,"PLCD1"
"ENSG00000124615",179.657845088708,-1.18005071859282,0.269984676380385,-4.37080627839127,1.2378858343143e-05,0.000336680832274379,"MOCS1"
"ENSG00000176472",41.3808662843998,-1.30701090794594,0.299149838846243,-4.3690844460649,1.24768516556037e-05,0.000338979198872407,"ZNF575"
"ENSG00000164867",122.885838080131,1.23283520470912,0.282236257419938,4.368096487599,1.25334123323537e-05,0.000339050233251145,"NOS3"
"ENSG00000136826",1498.88720416775,-1.60590342935777,0.367657065718945,-4.36793843800463,1.254248335075e-05,0.000339050233251145,"KLF4"
"ENSG00000249631",1.98282118211112,-2.23855852147965,0.512560723596978,-4.36740159443002,1.25733414797124e-05,0.000339050233251145,"LOC107986178"
"ENSG00000137203",16.2118138637917,2.3819110372294,0.545384596588834,4.36739697477215,1.25736073348593e-05,0.000339050233251145,"TFAP2A"
"ENSG00000253785",12.4163332818328,1.09826237504978,0.251468708695011,4.36739179498384,1.25739054311435e-05,0.000339050233251145,NA
"ENSG00000110887",37.5269306277092,-2.67003420907393,0.611458931425771,-4.36666155623579,1.26159981538287e-05,0.00033952489417203,"DAO"
"ENSG00000132031",10.4047231117183,2.16560595853999,0.496305787489974,4.36345094723228,1.28026657657375e-05,0.000343630857648563,"MATN3"
"ENSG00000259994",8.56246875725206,1.13371438071633,0.259866197551652,4.36268507177039,1.28475821535803e-05,0.000343630857648563,NA
"ENSG00000166510",269.331821639079,-1.43084184724791,0.327979905198271,-4.36258997752604,1.28531696386793e-05,0.000343630857648563,"CCDC68"
"ENSG00000179041",239.082990317282,1.00497822335772,0.230479548988828,4.36037916494898,1.29837265420637e-05,0.000345844904833762,"RRS1"
"ENSG00000271254",35.7406685990005,-1.38171844569859,0.316889286238439,-4.36025610742466,1.29910306061467e-05,0.000345844904833762,"LOC124905564"
"ENSG00000197472",7.4441787599329,1.80383567594412,0.413761169268405,4.35960599960017,1.30296827824233e-05,0.00034650683386781,"ZNF695"
"ENSG00000280123",12.608727673625,1.2772955815376,0.293162178615171,4.35695896234378,1.31881982799882e-05,0.000349612458833738,NA
"ENSG00000099194",2821.2457677134,1.53962279119653,0.353423564828617,4.35631051354239,1.32273096873482e-05,0.000349911073423946,"SCD"
"ENSG00000152669",30.9464580414161,1.99585384388263,0.458192567028204,4.35592802569356,1.32504314290791e-05,0.000350154145367178,"CCNO"
"ENSG00000169908",855.814432574471,1.16252867388715,0.266959800875734,4.35469561362272,1.33251944284305e-05,0.000351390830200302,"TM4SF1"
"ENSG00000109814",1122.31888819175,-1.04803718342041,0.240790040504108,-4.35249390392677,1.34597615827262e-05,0.000354567367227978,"UGDH"
"ENSG00000262585",8.22611002457069,1.79073077488939,0.411526647405644,4.35143334260018,1.35250441265853e-05,0.00035591401460232,"LINC01979"
"ENSG00000244474",74.6731906380352,-6.10158376181496,1.40237513730878,-4.35089271015185,1.35584387181784e-05,0.000356419585174207,"UGT1A4"
"ENSG00000126246",6.97656602876763,-1.17316487071759,0.269738214916926,-4.34927201946119,1.36590199107116e-05,0.00035868843194994,"IGFLR1"
"ENSG00000281103",18.3031341988905,-1.29903028700514,0.298704524081924,-4.34888052331228,1.368342294577e-05,0.000358941158991924,"TRG-AS1"
"ENSG00000187398",17.1926633909433,-2.32608143895244,0.534896182011677,-4.34865964121176,1.36972094812484e-05,0.000358941158991924,"LUZP2"
"ENSG00000136982",83.1972649990269,1.44586754318661,0.332551122579433,4.34780532981436,1.37506568473332e-05,0.000359966413781594,"DSCC1"
"ENSG00000186204",356.337372636366,-1.08280509849017,0.249121591432491,-4.34649237853634,1.38331855709611e-05,0.000361750038068496,"CYP4F12"
"ENSG00000137331",1089.53629329232,1.29455506096346,0.298062857306631,4.34322838028656,1.40404041521506e-05,0.000366406434836652,"IER3"
"ENSG00000203747",342.848182917803,1.58145649795122,0.364167160807594,4.34266641298492,1.40763787035337e-05,0.00036666592775464,"FCGR3A"
"ENSG00000139626",97.6465149770715,-1.1575188079447,0.266548657883996,-4.34261728096364,1.40795280841681e-05,0.00036666592775464,"ITGB7"
"ENSG00000130508",789.418073193614,1.15402298347779,0.265815266627628,4.34144734468703,1.41547202617173e-05,0.000368127407161486,"PXDN"
"ENSG00000249096",48.6805604234752,-1.64953371214577,0.379983939689112,-4.3410616603832,1.41795921424662e-05,0.000368127407161486,NA
"ENSG00000258947",18.7347139147945,2.02952917648093,0.467748614800548,4.33893145219968,1.43177168889617e-05,0.000370421666234275,"TUBB3"
"ENSG00000183010",590.948100307518,1.1790513974208,0.271763828244309,4.33851482383764,1.43448810753105e-05,0.000370504836899926,"PYCR1"
"ENSG00000088836",47.7174306423921,2.20701873186921,0.509538238347475,4.33140943264037,1.48157887829216e-05,0.000380711235075257,"SLC4A11"
"ENSG00000197165",71.8904565095626,-2.12641854932714,0.491029206372028,-4.33053374775442,1.48748345787405e-05,0.000381838067209732,"SULT1A2"
"ENSG00000169621",29.6537732558914,1.09389655879938,0.252617835489687,4.3302427822601,1.48945034532089e-05,0.000381952822737341,"APLF"
"ENSG00000165891",46.3670467157773,1.34097915868853,0.30996653941855,4.3262061808478,1.51699437143109e-05,0.00038693751719238,"E2F7"
"ENSG00000114346",520.112962479309,1.22534661093588,0.283248909926054,4.32604175336728,1.51812658450395e-05,0.00038693751719238,"ECT2"
"ENSG00000181826",68.8202159476906,-1.11055604227876,0.256879348316808,-4.32325934161556,1.53740828975664e-05,0.000389874951865532,"RELL1"
"ENSG00000169607",94.7122642284889,1.26695782850269,0.293192674007433,4.32124654134629,1.55150200222046e-05,0.000392261537402439,"CKAP2L"
"ENSG00000115507",5.49882384570008,3.27286076616495,0.758002647030582,4.3177431886104,1.5763268637677e-05,0.00039714475192723,"OTX1"
"ENSG00000128438",10.101545043617,-2.0659343793748,0.478587977142688,-4.31672853904321,1.58358712213419e-05,0.000397454442512541,NA
"ENSG00000101049",370.121212358936,-1.17036443233955,0.271132697610212,-4.31657429242303,1.58469361106827e-05,0.000397454442512541,"SGK2"
"ENSG00000025772",511.884426815039,1.1604218414844,0.268968809588622,4.31433608699546,1.60083255840607e-05,0.000401101924479591,"TOMM34"
"ENSG00000214140",6.82374904611452,-1.26002165128433,0.29216864312916,-4.3126518910084,1.61307990473735e-05,0.000403181311832634,"PRCD"
"ENSG00000149218",932.47330750394,-1.08275003718278,0.25107052477851,-4.31253345305255,1.61394452948005e-05,0.000403181311832634,"ENDOD1"
"ENSG00000198785",16.5486690041717,-1.39235303237644,0.322908452497556,-4.31191262293445,1.61848396574617e-05,0.000403913808770278,"GRIN3A"
"ENSG00000120694",1676.63898357384,1.20320094972692,0.279286180053807,4.30812920816603,1.64641201207669e-05,0.000409257965138469,"HSPH1"
"ENSG00000165816",167.883716130301,2.05053802952062,0.47599774866642,4.30787337811053,1.64831696003307e-05,0.000409326615835879,"VWA2"
"ENSG00000232956",198.72077006239,1.10266323471755,0.256032573995535,4.30673026291093,1.65685445596423e-05,0.000411040565970751,"SNHG15"
"ENSG00000164398",120.65418073683,2.64107922824975,0.613608672767439,4.3041751941644,1.67608993448998e-05,0.00041336424086033,"ACSL6"
"ENSG00000159708",16.9734244482531,1.95685920029053,0.454825131059779,4.3024429976657,1.68925138275826e-05,0.000415387245597825,"LRRC36"
"ENSG00000225335",33.6946824702077,-1.41313356178866,0.328610139601224,-4.30033462602076,1.70540397288158e-05,0.000418428524956983,NA
"ENSG00000183856",405.008326834167,1.4060272870248,0.327030473977285,4.29937696608194,1.71278927860679e-05,0.000419124706530352,"IQGAP3"
"ENSG00000124743",16.7652293333281,1.41960547132776,0.33029346805644,4.29801255132656,1.7233640672674e-05,0.000421199912703331,"KLHL31"
"ENSG00000211746",7.15360795915643,-1.6786236293847,0.390572801932934,-4.29785080035588,1.72462182233786e-05,0.000421199912703331,"TRBV19"
"ENSG00000204301",147.737394333482,1.05167596302074,0.245029207478745,4.29204327860372,1.77036430775827e-05,0.0004315327392655,"NOTCH4"
"ENSG00000134070",109.819550994062,1.07907483234261,0.251469937326844,4.29106891986097,1.77815112495418e-05,0.000433010813190151,"IRAK2"
"ENSG00000141485",249.235452545576,-4.95025484606983,1.15459680580358,-4.28743161351856,1.80750877524258e-05,0.000438037637710909,"SLC13A5"
"ENSG00000005844",226.460775607565,-1.1377177546585,0.265551803579791,-4.28435333265076,1.83271459992291e-05,0.000443291151209457,"ITGAL"
"ENSG00000172578",150.771043281771,-1.26474591214707,0.295259181296319,-4.28351086863505,1.83967107697148e-05,0.000444481383306122,"KLHL6"
"ENSG00000120327",47.864040306076,1.2553542518191,0.293079082191454,4.28332940867831,1.84117273495553e-05,0.000444481383306122,"PCDHB14"
"ENSG00000171241",93.7871907368217,1.22331219069891,0.285742344312705,4.28117223452246,1.85911394902813e-05,0.000447951990920671,"SHCBP1"
"ENSG00000136689",174.165353421878,2.06067898838765,0.481367777315252,4.28088269613878,1.86153467791743e-05,0.000448105632095238,"IL1RN"
"ENSG00000204869",11.3381477576326,2.94941201775858,0.689133599049164,4.27988422249045,1.8699056166676e-05,0.000449260019622117,"IGFL4"
"ENSG00000196218",18.9191176442091,-1.1988574845751,0.280331694416641,-4.27656775331763,1.89796811076773e-05,0.000454982515546391,"RYR1"
"ENSG00000164120",910.383639767055,-1.80962902991874,0.423404783476075,-4.27399287996234,1.92003169203831e-05,0.000458236623481621,"HPGD"
"ENSG00000185269",133.3999006831,3.48760056281723,0.816218470368741,4.27287630631741,1.92967513451996e-05,0.000460101193601718,"NOTUM"
"ENSG00000039139",10.4528674391918,2.25754981167462,0.528414586285003,4.27230790040492,1.93460195192563e-05,0.000460491854908806,"DNAH5"
"ENSG00000196660",105.302342325965,-2.66289079916312,0.623390451634687,-4.27162590023692,1.94052919073108e-05,0.000460497180238195,"SLC30A10"
"ENSG00000233554",11.7774972948547,-1.18658669479366,0.277787224673968,-4.27156683028289,1.9410433786317e-05,0.000460497180238195,"B4GALT1-AS1"
"ENSG00000197444",173.927451955884,-2.24539780476548,0.525677508859126,-4.27143594109371,1.94218319581357e-05,0.000460497180238195,"OGDHL"
"ENSG00000241769",20.4098568549598,-1.01167906413331,0.236909701296491,-4.2703150550479,1.95197030117381e-05,0.00046234651874457,"EOLA1-DT"
"ENSG00000147573",27.1349361396761,-3.86271524357669,0.905195608574913,-4.26727130245132,1.97878457416393e-05,0.000468256451349471,"TRIM55"
"ENSG00000089723",32.9220004657236,1.34903908963667,0.316391166258864,4.26383298114246,2.0094967261291e-05,0.000474400569229207,"OTUB2"
"ENSG00000104435",118.945823774493,-2.08381349058467,0.488756305644019,-4.26350200809971,2.0124769117564e-05,0.000474442375885086,"STMN2"
"ENSG00000270164",6.72487075326892,-1.28278906041388,0.300905806944134,-4.26309174103789,2.0161769277839e-05,0.000474869188117498,"LINC01480"
"ENSG00000127423",21.9167519925907,1.64472919515975,0.385915770454125,4.26188645575257,2.02708436407109e-05,0.000476991171848975,"AUNIP"
"ENSG00000260920",15.6945806760512,1.26304034522647,0.296424997040635,4.26091037475268,2.03595872977144e-05,0.000478631233282377,NA
"ENSG00000170835",105.250307491689,3.01679643079125,0.7080795465332,4.26053322054234,2.03939765148315e-05,0.000478991611022645,"CEL"
"ENSG00000235669",1.65177615303769,2.84090192453253,0.6672882225902,4.25738358382087,2.06833302895302e-05,0.000485334055561329,NA
"ENSG00000170373",128.159307765895,3.66264998313519,0.860542462324741,4.25621063862509,2.07920830671362e-05,0.00048697655131426,"CST1"
"ENSG00000197696",15.708571782984,1.32656478173414,0.31170239477659,4.25586971407435,2.0823794783432e-05,0.000487265164527403,"NMB"
"ENSG00000272841",8.67805316384692,1.46761662904504,0.345015483655339,4.25377033371393,2.10200896329422e-05,0.000490212656087042,"MAP3K4-AS1"
"ENSG00000159674",553.273506972306,1.12700750164683,0.264944523978701,4.25374899138292,2.10220941852838e-05,0.000490212656087042,"SPON2"
"ENSG00000137266",675.484446793695,-1.03056389538046,0.242572167974016,-4.24848367390136,2.15222328219057e-05,0.000500826666084043,"SLC22A23"
"ENSG00000257859",2.39408318860659,-2.72983757141708,0.64272701376715,-4.24727374599826,2.16387506452487e-05,0.000503055913474325,"CASC18"
"ENSG00000102359",140.086520935327,1.5748131956028,0.37082007850038,4.24683906538028,2.16807574470911e-05,0.000503101676272251,"SRPX2"
"ENSG00000214039",66.4296712449085,3.48453792928542,0.820685927904618,4.24588482732021,2.17732458129396e-05,0.000504781771702015,"LINC02418"
"ENSG00000261115",43.0353745385788,1.90666698730116,0.449368252491432,4.24299441878688,2.20556923051778e-05,0.00051085862057274,"TMEM178B"
"ENSG00000211695",3.6449274443878,-1.79917725821319,0.424099786541824,-4.24234417301635,2.21197121588307e-05,0.000511869692692057,"TRGV9"
"ENSG00000125657",15.4229048280303,2.03673131008719,0.480461239672404,4.23911679426192,2.2440089449765e-05,0.000517377878864261,"TNFSF9"
"ENSG00000104237",3.04889886312642,3.80995789435907,0.899572372451141,4.23529891650379,2.28247876012985e-05,0.000524323342969135,"RP1"
"ENSG00000185905",42.5367298707929,-1.33599036629169,0.315466604867819,-4.23496606511322,2.28586222881001e-05,0.000524621038102506,"C16orf54"
"ENSG00000167723",63.422005318322,-1.99314882621912,0.470676789056229,-4.23464439411948,2.28913658250498e-05,0.00052489317020924,"TRPV3"
"ENSG00000138180",206.426958422558,1.25946036066878,0.297436759660399,4.23438031703537,2.29182801205462e-05,0.000525031265004054,"CEP55"
"ENSG00000157653",5.10331825406094,1.29696102252098,0.30632012683595,4.23400524124087,2.29565589850926e-05,0.000525429220268089,"C9orf43"
"ENSG00000168081",10.4063571779611,-1.74496523936164,0.412158181101274,-4.2337270479483,2.29849896662602e-05,0.000525601251412908,"PNOC"
"ENSG00000236969",1.87629628067872,-2.19976968190385,0.519993268865209,-4.23038107147897,2.33295760746207e-05,0.000532203447144941,NA
"ENSG00000196756",212.616811499375,1.12324260864841,0.265666975248484,4.22800992708188,2.35767392091054e-05,0.000537177727165936,"SNHG17"
"ENSG00000173894",70.1377371128911,1.84952479551938,0.437549540462638,4.22700660035846,2.36820723454957e-05,0.000538601049877514,"CBX2"
"ENSG00000059728",958.661354021132,-1.18281406903301,0.280085996911303,-4.22303893117365,2.41030165894975e-05,0.00054669035190493,"MXD1"
"ENSG00000179314",207.587227421973,-1.75647313317009,0.416369956381846,-4.21853956138771,2.45889831410861e-05,0.000556206782465018,"WSCD1"
"ENSG00000126778",1.82153396669205,3.12556160954323,0.74104365843858,4.21778335723021,2.46715685210947e-05,0.000557128818633617,"SIX1"
"ENSG00000100228",54.4173507595728,1.25588851587021,0.29789719576391,4.21584537796566,2.48844224051743e-05,0.000560870331358238,"RAB36"
"ENSG00000259807",5.74526729971306,2.09354101064727,0.496670389285624,4.21515164948423,2.49610403296103e-05,0.000562093104411681,"LOC101928188"
"ENSG00000162745",199.013447267128,1.70340922098265,0.404140548730183,4.21489312649965,2.4989649912065e-05,0.000562233564852376,"OLFML2B"
"ENSG00000172927",115.591636119284,1.98940942168868,0.472255319422251,4.21257175911219,2.52479465853836e-05,0.000567536802895595,"MYEOV"
"ENSG00000241635",81.9504483916361,-2.27660655283304,0.541211588079937,-4.20650001399599,2.59356067444268e-05,0.000580915983149902,"UGT1A1"
"ENSG00000140323",74.2430622810043,-1.51168159568508,0.359397491190378,-4.20615511443379,2.5975198522446e-05,0.000581284696409253,"DISP2"
"ENSG00000164109",295.690894535428,1.20934343293644,0.287639929066478,4.20436563470624,2.61815413392959e-05,0.00058230112365218,"MAD2L1"
"ENSG00000135253",20.0269408180246,1.33259565026855,0.317017409479895,4.20354091106489,2.62771631738209e-05,0.000583882747764186,"KCP"
"ENSG00000173898",237.695787190211,1.48742145763428,0.354056661436419,4.20108310234798,2.65641052829742e-05,0.000588729343891345,"SPTBN2"
"ENSG00000227191",10.0736410064021,-1.61622316366118,0.384884742087803,-4.19923937460861,2.67813085903442e-05,0.000592325083281029,"TRGC2"
"ENSG00000105784",43.4451795312436,-1.43015578756912,0.340797249073664,-4.1965003868326,2.71070999126393e-05,0.000597568884126788,"RUNDC3B"
"ENSG00000181218",54.5032067465888,1.02003177407003,0.243178782303489,4.19457554811268,2.73383025473306e-05,0.000602137494581038,"H2AC25"
"ENSG00000132837",208.20501259244,-2.85779321572159,0.681575787733806,-4.19292068050651,2.75385753567742e-05,0.000604957987142564,"DMGDH"
"ENSG00000099625",5.68180859072434,2.04460162384235,0.487715828826455,4.19219861853179,2.76263960406062e-05,0.000606357169341899,"CBARP"
"ENSG00000115841",117.158444355694,-1.12505815203985,0.268407578796925,-4.1916035198509,2.76989749318953e-05,0.000607419667551013,"RMDN2"
"ENSG00000088899",310.006726647639,1.40269244045346,0.334938698407147,4.18790795785672,2.81537644382111e-05,0.000615153624197678,"LZTS3"
"ENSG00000132185",25.7068068595487,-1.79175256746106,0.427856226525434,-4.18774451878768,2.81740408838298e-05,0.000615153624197678,"FCRLA"
"ENSG00000156427",6.8609389427668,2.16394985453026,0.517006509583057,4.18553696021235,2.84492770206097e-05,0.000620085672857712,"FGF18"
"ENSG00000226320",2.35130441834162,3.57103597056217,0.854060439613194,4.18124503247042,2.8991722588676e-05,0.000631361334814573,"LINC01811"
"ENSG00000184601",3.92131197425243,-2.79833953150439,0.669306715476124,-4.18095241957006,2.9029060951165e-05,0.000631627126202362,"C14orf180"
"ENSG00000088325",795.943178073047,1.45772478072491,0.348675981212796,4.18074332408709,2.90557702158354e-05,0.00063166138520256,"TPX2"
"ENSG00000138193",598.966414802927,-1.27843110446518,0.305884119261256,-4.17946216872172,2.92199321175912e-05,0.000634133086396532,"PLCE1"
"ENSG00000233542",1.73632985446778,3.02359625317328,0.724073806717761,4.1758122240042,2.96924681898064e-05,0.000643832112232981,NA
"ENSG00000111802",2302.46605880502,-1.18217876775264,0.283156343146462,-4.17500365563473,2.97981268679153e-05,0.000645010100187407,"TDP2"
"ENSG00000105755",737.659598799277,-1.17424987312187,0.281392485174716,-4.17299656169844,3.00619480099588e-05,0.000649299120219671,"ETHE1"
"ENSG00000177272",25.9274641751214,-1.5147495913105,0.362996255259972,-4.17290693598384,3.00737804279852e-05,0.000649299120219671,"KCNA3"
"ENSG00000119686",99.3855651827042,-1.03214267749052,0.247409423513756,-4.17180017976611,3.02202600540325e-05,0.000651342500358397,"FLVCR2"
"ENSG00000158055",21.1330695065524,2.045710835964,0.490550956669178,4.17023105989702,3.0429096231828e-05,0.000653601382394931,"GRHL3"
"ENSG00000187801",25.6996674371443,1.06950958614718,0.256509552268614,4.16947274161236,3.0530512658827e-05,0.000654660677157834,"ZFP69B"
"ENSG00000249992",28.2618061917399,1.41238184219741,0.339039180651412,4.16583664307981,3.10212782882566e-05,0.000664050889831496,"TMEM158"
"ENSG00000113946",5.88420654068497,2.40703843177551,0.578003004991278,4.1644047020341,3.1216597732154e-05,0.00066730404279293,"CLDN16"
"ENSG00000127074",11.9375185550498,-2.0048185090624,0.481426034845975,-4.1643333844706,3.12263560671874e-05,0.00066730404279293,"RGS13"
"ENSG00000236882",54.3870233029035,-4.06284041546355,0.976040196501775,-4.16257489192061,3.14678883319933e-05,0.000670341011927349,"LINC01554"
"ENSG00000219438",23.6903665491054,1.55046088815049,0.37252489514901,4.16203294958398,3.15426822646573e-05,0.000671210116844286,"TAFA5"
"ENSG00000204335",52.9904665180382,2.29204886935133,0.550843214998048,4.16098230303055,3.16881643324754e-05,0.00067318785933558,"SP5"
"ENSG00000105369",190.788551641674,-1.64392578690554,0.395096412159834,-4.16082185590816,3.17104373355176e-05,0.00067318785933558,"CD79A"
"ENSG00000266920",0.971846997895459,-2.96780233730254,0.713279956379572,-4.16078190724208,3.17159852553948e-05,0.00067318785933558,NA
"ENSG00000117586",30.3055596820655,1.16652851764836,0.280510333713268,4.1585937395118,3.2021282417614e-05,0.000677379502051396,"TNFSF4"
"ENSG00000073754",109.631614162026,-4.19482809538495,1.00924849328261,-4.15638777100488,3.23318881796486e-05,0.000682800572977101,"CD5L"
"ENSG00000138074",698.405765447612,1.1161769618166,0.268774106938072,4.15284409101869,3.28368468968217e-05,0.000690563012020106,"SLC5A6"
"ENSG00000129988",597.695673624647,-4.01226741978448,0.966202058921871,-4.15261733582056,3.28694122450503e-05,0.000690669898938427,"LBP"
"ENSG00000162618",104.627155678228,1.03848197981599,0.250311264496525,4.14876246941897,3.34277434089043e-05,0.000700644386663199,"ADGRL4"
"ENSG00000019186",4.67233850511818,3.47107172599596,0.836809004302961,4.14798563130576,3.35413444514067e-05,0.000701854727234222,"CYP24A1"
"ENSG00000102024",1033.08474833298,1.08300701844202,0.261106314619035,4.14776264611666,3.35740204028436e-05,0.00070195399895496,"PLS3"
"ENSG00000172915",55.9597161724684,-1.52412221507902,0.367536161828402,-4.1468632841375,3.37061188764791e-05,0.000703343769327509,"NBEA"
"ENSG00000225680",5.25689203085823,2.55568551246937,0.616359775790627,4.14641839531319,3.37716466024927e-05,0.000703343769327509,NA
"ENSG00000172167",60.1938821382282,1.17148439508197,0.282613227530217,4.14518600321605,3.39537982133791e-05,0.000706368297103005,"MTBP"
"ENSG00000257191",3.46292261668136,3.64047049140967,0.878770712182316,4.14268527721984,3.43262856136006e-05,0.000712937094012726,NA
"ENSG00000105492",10.9623228425064,-1.44898921837223,0.349880870092969,-4.141378801268,3.45224276449531e-05,0.000715724482873541,"SIGLEC6"
"ENSG00000111907",140.048673630764,1.16144494495602,0.280459425489666,4.14122272028548,3.45459312293822e-05,0.000715724482873541,"TPD52L1"
"ENSG00000181773",6.35447801121294,2.17754826405476,0.526017253958448,4.13968980611951,3.47775753797689e-05,0.00071933765174401,"GPR3"
"ENSG00000115361",16.7322853116547,-3.66143516535267,0.884893543443013,-4.13771260111863,3.50785368461335e-05,0.000722589106131296,"ACADL"
"ENSG00000279838",5.97402203056427,-1.46964115583486,0.355685567827637,-4.13185489872629,3.59847561484975e-05,0.00073943819032534,NA
"ENSG00000137747",65.6177229883405,2.23663182547303,0.541647032503996,4.12931612517702,3.63843850190655e-05,0.000745820538266016,"TMPRSS13"
"ENSG00000160191",379.252988618086,-1.49069220999364,0.361189578464012,-4.12717392437769,3.67248636929822e-05,0.000749742119795561,"PDE9A"
"ENSG00000150637",35.1125204767165,-1.05347962604402,0.255276397802074,-4.12681953801631,3.67814802084223e-05,0.000749752507077742,"CD226"
"ENSG00000160712",469.118610095089,-1.41229176513321,0.342256947074091,-4.12640788508957,3.68473496260138e-05,0.000749752507077742,"IL6R"
"ENSG00000226777",73.1615536815563,-1.76658017029902,0.428271181719872,-4.12491021040618,3.70879417595297e-05,0.000752873234538563,"FAM30A"
"ENSG00000131019",10.4563094074925,1.32755820676217,0.322010472842552,4.12271748506541,3.74428812425025e-05,0.000758240973815737,"ULBP3"
"ENSG00000197927",19.0189786742652,1.26600100066756,0.307142971631631,4.12186218666245,3.75822018889835e-05,0.000759837743903495,"NBEAP2"
"ENSG00000104814",79.6372947188603,-1.15057950085233,0.279183819470698,-4.12122558905348,3.76862173909516e-05,0.000760106203252011,"MAP4K1"
"ENSG00000227992",2.3128178296067,2.09088368307147,0.507397364389923,4.12080122959542,3.77557064391914e-05,0.000760897079810199,NA
"ENSG00000119782",16.9212445971913,-1.19172682326325,0.289251977535892,-4.12002999397082,3.78823081282551e-05,0.000762836767284598,"FKBP1B"
"ENSG00000167664",9.60162128588151,-1.37042506862808,0.332826722930933,-4.11753316127945,3.82949439907952e-05,0.000769296752544104,"TMIGD2"
"ENSG00000268895",6.31622779644072,-1.30554888388278,0.317244209778017,-4.11528041692645,3.86708989457682e-05,0.000776228723167813,"A1BG-AS1"
"ENSG00000121904",12.7692687085871,1.94111555881382,0.471854396453925,4.1138019978232,3.89195298105701e-05,0.000779973447902262,"CSMD2"
"ENSG00000114771",313.253460556824,-3.58237061045468,0.871092985380253,-4.112500812862,3.91396092224989e-05,0.000783758979578183,"AADAC"
"ENSG00000189433",23.8260113450219,2.26712333185266,0.551359854331187,4.11187596275529,3.92457142372051e-05,0.000784633289176771,"GJB4"
"ENSG00000224367",2.1567192348735,2.4602842719663,0.598504042845914,4.11072289548378,3.94422322652185e-05,0.00078606085571547,NA
"ENSG00000186184",1120.56545761873,1.27229391643709,0.309579087730193,4.10975407210297,3.96080711389556e-05,0.000788740440406571,"POLR1D"
"ENSG00000163673",7.16891965027071,1.56933211495404,0.382088015375229,4.10725291504598,4.00392729906001e-05,0.000795436339546855,"DCLK3"
"ENSG00000172164",491.615655776203,1.157260201254,0.281788176207576,4.10684442771478,4.01101184263649e-05,0.000796214365065542,"SNTB1"
"ENSG00000131015",4.62789760401055,2.51573743647484,0.612615927657881,4.10654918178975,4.01613980418434e-05,0.000796586591943216,"ULBP2"
"ENSG00000127564",122.617326513131,1.46660659711887,0.357190134261472,4.1059549423201,4.02647968615138e-05,0.000796767409391105,"PKMYT1"
"ENSG00000140534",70.2691443097386,1.14047119016225,0.277797127838174,4.10541030080992,4.03597873748078e-05,0.000797520138424949,"TICRR"
"ENSG00000121871",8.13589493847311,-2.1310437239669,0.519370852471668,-4.10312537529847,4.07606219589526e-05,0.000803415835647403,"SLITRK3"
"ENSG00000171848",280.274751952445,1.27684260045815,0.311238599287032,4.10245581166049,4.08787944220047e-05,0.000804483150054347,"RRM2"
"ENSG00000143476",138.742586365445,1.11630207958293,0.27240891063864,4.097891206884,4.16931144652931e-05,0.000818567587321569,"DTL"
"ENSG00000175063",364.842310780954,1.48721069643202,0.363361938386781,4.09291821547075,4.25977997546379e-05,0.000832445805314,"UBE2C"
"ENSG00000239605",9.9589779126825,3.25365926312182,0.795308552554947,4.09106535151592,4.29396099522082e-05,0.00083717248852517,"STPG4"
"ENSG00000125845",298.436511297286,-1.20938288997022,0.295762854493902,-4.08902900277884,4.33182694341388e-05,0.000843900332673908,"BMP2"
"ENSG00000101057",482.077431653349,1.56683694940977,0.383208693811305,4.08873017422016,4.33741024773748e-05,0.000844333516157169,"MYBL2"
"ENSG00000091127",192.974765335595,1.09447640973321,0.267938361855444,4.0848066777526,4.41135286218571e-05,0.000854986900685459,"PUS7"
"ENSG00000181790",12.3426798767912,-1.12252542163817,0.274886773219287,-4.0835919767689,4.43448657416089e-05,0.000857254477655673,"ADGRB1"
"ENSG00000124602",124.06401537469,1.4440407512683,0.353893342112277,4.08044057186632,4.49504208724941e-05,0.000866960112775632,"UNC5CL"
"ENSG00000107719",259.382650075571,1.20071615092362,0.294338113997688,4.07937706271044,4.51565423988845e-05,0.000869600817644725,"PALD1"
"ENSG00000259237",4.13641339897397,-3.47855047536088,0.853322948736299,-4.07647594678231,4.57233828444911e-05,0.000878102943038656,"LOC107983981"
"ENSG00000143546",56.1185764459619,1.6736251397853,0.410766589049297,4.07439452088555,4.61342167609161e-05,0.000883688263276359,"S100A8"
"ENSG00000141391",20.3179677269759,1.08186869644554,0.265590211731367,4.07345093553299,4.6321613530527e-05,0.000886224431979651,"PRELID3A"
"ENSG00000127951",704.660723521829,-1.21130401225304,0.297371257333149,-4.07337287105728,4.63371494815671e-05,0.000886224431979651,"FGL2"
"ENSG00000158158",1272.60692759958,-1.03160730443902,0.25338045718142,-4.07137675854927,4.67360870838968e-05,0.0008924959000801,"CNNM4"
"ENSG00000017483",344.925900794078,1.41837488613742,0.348573440780525,4.06908479017045,4.71981699952256e-05,0.000899270060765743,"SLC38A5"
"ENSG00000183960",30.7140915653578,1.48885055458048,0.366275674356725,4.06483602056098,4.80662439063205e-05,0.000910974943898748,"KCNH8"
"ENSG00000204323",40.9541271152584,-1.47291005065037,0.362379702571434,-4.06454898052691,4.81254321606256e-05,0.000911409371234878,"SMIM5"
"ENSG00000182782",16.2088155501962,2.46641520183119,0.606871254536114,4.06414899930709,4.8208024362637e-05,0.000912286039350474,"HCAR2"
"ENSG00000163295",102.851130433319,-2.22072886794638,0.546773207896226,-4.06151734553874,4.87547950218708e-05,0.00092124567946965,"ALPI"
"ENSG00000230006",65.1629670677965,-1.87063370104472,0.460720085552078,-4.0602390902996,4.90224905814834e-05,0.000924219212905671,NA
"ENSG00000187837",167.642132893656,-1.06100992567957,0.261333334898356,-4.05998693619491,4.90754616323544e-05,0.000924524307558245,"H1-2"
"ENSG00000130518",48.6422793286037,-1.52457415488639,0.375705175576602,-4.05790032715571,4.95158912213412e-05,0.000929714754832869,"IQCN"
"ENSG00000185352",1.84243765500037,-2.44066898739574,0.601461137993928,-4.05789972654955,4.95160185315917e-05,0.000929714754832869,"HS6ST3"
"ENSG00000070729",4.9871028759558,-2.31467391097632,0.570455671469148,-4.05758769128392,4.95822024955779e-05,0.000929888306654007,"CNGB1"
"ENSG00000152495",47.0827060330152,-1.06507547182037,0.262737730676363,-4.05375911970677,5.04011148245413e-05,0.000943837866360319,"CAMK4"
"ENSG00000100311",130.264194226468,1.18996200481463,0.293881921076747,4.04911605468877,5.14114470602224e-05,0.000958472608360868,"PDGFB"
"ENSG00000091651",76.3000868729898,1.31589697848753,0.324997887809836,4.04894009421223,5.14501110695992e-05,0.000958482387909635,"ORC6"
"ENSG00000197208",36.473682096724,-1.00447402830003,0.248146243714257,-4.0479114785904,5.16766819993403e-05,0.000961990144685497,"SLC22A4"
"ENSG00000213222",7.47079537216895,1.30777468568949,0.323237735348843,4.04586019103901,5.21313407282448e-05,0.000967909326340366,"TOMM40P4"
"ENSG00000105398",366.407270918235,-3.68416138667727,0.910657191419514,-4.04560730579031,5.2187653367549e-05,0.000967909326340366,"SULT2A1"
"ENSG00000075275",242.325366046916,1.36431335427685,0.337252661862513,4.04537460651101,5.22395219052334e-05,0.000967909326340366,"CELSR1"
"ENSG00000147536",55.6578690741145,1.00388469652803,0.248211458696663,4.04447361858048,5.24408127336173e-05,0.000969749863729608,"GINS4"
"ENSG00000176919",97.6517749183933,-2.0081491409114,0.496614637903834,-4.04367690285494,5.26194200994749e-05,0.00097162281155026,"C8G"
"ENSG00000153563",124.221591438496,-1.28787768153424,0.3186317703037,-4.04189977762328,5.30198943466696e-05,0.000978298799431831,"CD8A"
"ENSG00000204291",624.414563758995,1.3317926407689,0.329610020825881,4.0405101684467,5.33350523659346e-05,0.000983391930306898,"COL15A1"
"ENSG00000227542",4.00071901663598,1.58299713552364,0.391940526603671,4.03887076756511,5.3709144547256e-05,0.000988498418636924,"MYO1B-AS1"
"ENSG00000233695",109.899905764245,1.63054687299776,0.403890719565635,4.03709913105043,5.41162058053888e-05,0.000992696619047609,NA
"ENSG00000253549",8.14512891614985,-1.70142411718735,0.421503619453705,-4.0365587355869,5.42409507744199e-05,0.000993534499935822,NA
"ENSG00000177455",30.893098162997,-1.55413114202463,0.38512019597676,-4.0354444099795,5.4499042496613e-05,0.000996808906100715,"CD19"
"ENSG00000156802",386.598552908141,1.11575834853154,0.276554209048866,4.0345014178916,5.4718359716999e-05,0.000999500641978883,"ATAD2"
"ENSG00000171793",318.528437771884,1.12716389247811,0.279469388622475,4.03322846210093,5.50157450305219e-05,0.00100406731180976,"CTPS1"
"ENSG00000176894",76.3396415894109,-1.10169770234647,0.273380100306577,-4.0299118374417,5.57977764023129e-05,0.00101732375199737,"PXMP2"
"ENSG00000251026",5.71247725384293,2.97385026921973,0.73796375530173,4.02980532289667,5.58230652980133e-05,0.00101732375199737,NA
"ENSG00000112655",691.847053660772,1.3485013148767,0.334890910682378,4.02668830912423,5.65679389306649e-05,0.00102940541148917,"PTK7"
"ENSG00000186594",265.378049360919,-1.09108952141293,0.271028042810613,-4.0257440156307,5.6795448709273e-05,0.00103250199275349,"MIR22HG"
"ENSG00000170191",85.0600792816329,1.03011831259614,0.2558892511644,4.02564120184292,5.68202720137707e-05,0.00103250199275349,"NANP"
"ENSG00000179750",43.651211363102,-1.4679305661015,0.364906562126001,-4.02275738081858,5.75207413996298e-05,0.00104372112066,"APOBEC3B"
"ENSG00000152763",76.9634578518088,-1.47150965270104,0.366187941919872,-4.01845469019574,5.85810709234906e-05,0.00105837591184633,"DNAI4"
"ENSG00000170498",3.05937389134304,2.98877164579919,0.744098957029257,4.01663195138933,5.90358147959111e-05,0.00106303741182592,"KISS1"
"ENSG00000228307",5.77684631628265,-1.79102731052598,0.445909316588971,-4.01657297547993,5.90505840161152e-05,0.00106303741182592,"OR2S1P"
"ENSG00000170231",44.8984909179569,3.00010364584829,0.747019121229535,4.01610020491892,5.91691055261396e-05,0.00106440858337682,"FABP6"
"ENSG00000224321",11.9012071835324,-1.82203532597117,0.454015886677199,-4.01315323854871,5.99129910151292e-05,0.00107394677403795,NA
"ENSG00000104044",16.1950587387526,2.2046713132704,0.549463285420551,4.01240878466153,6.0102305479255e-05,0.00107657237277203,"OCA2"
"ENSG00000158106",205.727581170045,1.48244993741263,0.369520475050293,4.01182082592544,6.02522234536376e-05,0.00107848905100667,"RHPN1"
"ENSG00000118308",89.4516250524125,-1.47621219301004,0.368049641139762,-4.01090512801089,6.04864138653587e-05,0.001081910367865,"IRAG2"
"ENSG00000222047",3.48881923795931,1.51338126542277,0.377475369734726,4.00921857891367,6.09200073593369e-05,0.00108811706108564,"C10orf55"
"ENSG00000104369",175.094752080275,1.11877327000795,0.279243766815375,4.0064395447997,6.16408930515961e-05,0.00109943029331417,"JPH1"
"ENSG00000101670",236.819240129067,1.00067223183474,0.249869002373114,4.00478739792019,6.2073282575084e-05,0.00110479013059096,"LIPG"
"ENSG00000144063",166.054972665883,-1.40438368781947,0.350793728528008,-4.00344582473726,6.24265016087818e-05,0.00111023043943307,"MALL"
"ENSG00000161714",1153.38709679463,-1.19453285973494,0.298421413119871,-4.00283896268232,6.25869048901879e-05,0.00111156996946665,"PLCD3"
"ENSG00000249413",1.55536540834082,3.25569773972491,0.813601928671449,4.00158557273976,6.29194317057301e-05,0.00111432574925772,"LOC105377261"
"ENSG00000179674",138.097876341124,-1.36599720345888,0.341378671968087,-4.00141343213903,6.29652313534714e-05,0.00111435156981978,"ARL14"
"ENSG00000123485",163.16645856314,1.15821916032622,0.28968390841855,3.99821711412691,6.38213971170945e-05,0.00112712264999979,"HJURP"
"ENSG00000113396",6.69694518611789,-2.21900127728914,0.555317440209326,-3.99591497874205,6.44448611908349e-05,0.00113414832394039,"SLC27A6"
"ENSG00000203760",117.334536272371,1.15597975480471,0.289342628965405,3.99519337657959,6.46414691366814e-05,0.00113681228892508,"CENPW"
"ENSG00000143882",53.8452699677744,1.32033098848333,0.330638955944488,3.99327110355686,6.51679864767876e-05,0.00114367085764536,"ATP6V1C2"
"ENSG00000115085",120.514036820037,-1.09556643757941,0.274401031738563,-3.99257404623469,6.53599137534648e-05,0.00114623865494649,"ZAP70"
"ENSG00000112280",30.8180906229026,1.64736965916926,0.412749688027911,3.99120752105294,6.57377252962589e-05,0.00115125768252284,"COL9A1"
"ENSG00000120915",794.478267800817,-1.17591156611412,0.29474844004402,-3.98954296734701,6.62007269733969e-05,0.00115729162601027,"EPHX2"
"ENSG00000148680",9.29558188879735,-1.38068752350531,0.346082734713035,-3.98947241517306,6.62204193308174e-05,0.00115729162601027,"HTR7"
"ENSG00000188536",3.63252482799905,-2.37658618579481,0.595845893384212,-3.98859203727422,6.64666149950353e-05,0.00116078700586535,"HBA2"
"ENSG00000143257",54.7195207461563,-2.42801934864947,0.608837772052506,-3.98795781093569,6.66445114438225e-05,0.00116227842962852,"NR1I3"
"ENSG00000139629",484.619034453701,1.12405263227953,0.282027530713252,3.98561314009589,6.73060964155413e-05,0.00116975761342944,"GALNT6"
"ENSG00000111249",46.3088652432492,-2.87934942849809,0.722511572817612,-3.98519489074668,6.74247631763654e-05,0.00117101017511074,"CUX2"
"ENSG00000236015",5.06049195166447,1.88160216646452,0.472183041846413,3.98489992166333,6.75085715657153e-05,0.00117165601658701,NA
"ENSG00000266865",11.3736060810436,-1.08131789790698,0.271368288544306,-3.98468776034028,6.7568913055285e-05,0.00117189396410791,NA
"ENSG00000147724",14.6223570953644,-2.44047990097509,0.612819930277665,-3.98237684578784,6.82294817121177e-05,0.00118253455510843,"FAM135B"
"ENSG00000160957",279.199355067659,1.18229687911124,0.296940358327083,3.98159713207096,6.84537360703232e-05,0.00118478708070475,"RECQL4"
"ENSG00000274322",9.47482753717571,-1.53972504796762,0.386864564017904,-3.98001055453702,6.89122085855847e-05,0.0011910816464679,NA
"ENSG00000223485",1.49516097608909,2.86266788206115,0.71937982628881,3.97935524106827,6.91024207126664e-05,0.00119354840888661,"LINC01615"
"ENSG00000134762",61.7809697648225,2.80393008792451,0.705005436080677,3.97717513146048,6.97388035640046e-05,0.00120191904173114,"DSC3"
"ENSG00000036672",72.7900163047232,-1.79773081276811,0.452045837812001,-3.97687725976974,6.98261828390218e-05,0.00120191904173114,"USP2"
"ENSG00000141434",31.3947080272987,-2.77690719922162,0.698368074122999,-3.9762802769998,7.00016168642528e-05,0.00120411405435697,"MEP1B"
"ENSG00000138411",77.5064962257651,1.21546754878142,0.305760664326332,3.97522536608625,7.03126411393478e-05,0.00120863678828519,"HECW2"
"ENSG00000142945",196.964689402705,1.0536772672613,0.265113646101586,3.97443618144632,7.05461744631964e-05,0.00121099447434057,"KIF2C"
"ENSG00000225762",8.61999005046149,-1.28807679017419,0.324128667335558,-3.97396750112415,7.06852121249493e-05,0.00121255294601509,NA
"ENSG00000189013",7.13207098075581,-1.94731668569536,0.490115117839728,-3.97318224803699,7.09187447371606e-05,0.00121490045943394,"KIR2DL4"
"ENSG00000181544",16.0757434020949,1.21055978867238,0.304768002065556,3.97206983826336,7.12508226961311e-05,0.00121892745076683,"FANCB"
"ENSG00000232850",7.19408678738046,1.40847867297478,0.35464859185408,3.97147685152602,7.14284423387173e-05,0.00122113481932946,"PTGES2-DT"
"ENSG00000205683",46.6307537786441,-1.45021603867544,0.365334117362966,-3.96956092998734,7.20051930099094e-05,0.00122995606025287,"DPF3"
"ENSG00000077152",125.657226117436,1.06870846162025,0.269255496861492,3.96912402560905,7.21373299153899e-05,0.00123046959558904,"UBE2T"
"ENSG00000230234",6.18611820764972,4.22167550966168,1.06365821851572,3.96901508038249,7.21703149058233e-05,0.00123046959558904,NA
"ENSG00000137819",290.473257680203,-1.24052409938597,0.312592445236364,-3.96850313656161,7.23255055853056e-05,0.00123227951245038,"PAQR5"
"ENSG00000185432",1125.88934671893,-1.37296782247774,0.346073311996639,-3.96727449035733,7.26992462814066e-05,0.0012361331246942,"TMT1A"
"ENSG00000129810",35.904723445941,1.19032636984605,0.300109610974087,3.96630539749301,7.29953215523862e-05,0.00123949015265744,"SGO1"
"ENSG00000231758",1.26457528533099,-2.44514228514994,0.616536691176018,-3.9659315011503,7.3109858199691e-05,0.00124059679028794,NA
"ENSG00000134668",23.4815923548955,1.56482709945543,0.394693017940595,3.96466881431116,7.3497917970256e-05,0.00124549978186817,"SPOCD1"
"ENSG00000170382",205.714489857775,-1.93900092575288,0.489090651062824,-3.96450212560659,7.35492914970852e-05,0.00124553048828386,"LRRN2"
"ENSG00000227619",12.9316070826457,1.81593287936111,0.458243533319485,3.96281179617881,7.40721736671404e-05,0.00125185460418891,"LOC105376292"
"ENSG00000101680",118.075353379227,-1.54492309448467,0.390093947341182,-3.96038724777614,7.48283183214333e-05,0.00126378391648921,"LAMA1"
"ENSG00000204876",202.196375953361,1.65249253971,0.417360701940466,3.95938700511798,7.51423862887574e-05,0.00126738477169313,"LOC389602"
"ENSG00000077943",110.38619728239,-1.11509425755504,0.281686613486614,-3.95863418482268,7.53795874054608e-05,0.00126950621308494,"ITGA8"
"ENSG00000198797",1.09649185135082,-2.39139281965797,0.60411482983247,-3.95850706118427,7.54197117558321e-05,0.00126950621308494,"BRINP2"
"ENSG00000006747",431.331467832054,-1.54082199461093,0.389314769648337,-3.95777944926861,7.56497586230334e-05,0.0012714799079208,"SCIN"
"ENSG00000075073",20.3549289138,2.11769320964154,0.535286432939234,3.95618696706617,7.61555663606153e-05,0.00127676153316119,"TACR2"
"ENSG00000198682",1557.33286579008,-1.07213524624114,0.271041925524425,-3.95560666183549,7.63406778989853e-05,0.0012790117175196,"PAPSS2"
"ENSG00000172023",15.1464023485463,4.17907609232668,1.05672263307741,3.95475213789665,7.6614037144155e-05,0.00128198413608628,"REG1B"
"ENSG00000093009",93.7964457793401,1.20723681305227,0.305263784721554,3.95473316349481,7.66201174804663e-05,0.00128198413608628,"CDC45"
"ENSG00000157766",54.1173733324411,2.12245734138097,0.536778999806165,3.95406180597118,7.68355475351829e-05,0.00128315805386883,"ACAN"
"ENSG00000112494",24.2998359361671,2.48960769476579,0.63028436095821,3.94997535871093,7.81592392838654e-05,0.00130426284358753,"UNC93A"
"ENSG00000165521",7.11489330097389,-1.38471903460207,0.350616684027612,-3.94938146894636,7.83533984128166e-05,0.00130663520604678,"EML5"
"ENSG00000081059",268.823985857103,1.07108361520555,0.271271171999461,3.9483871703392,7.86794835204627e-05,0.00131023592785863,"TCF7"
"ENSG00000119681",435.964379159763,1.06150197200984,0.268854028618808,3.94824647956041,7.87257272319658e-05,0.00131023592785863,"LTBP2"
"ENSG00000141338",304.439561303938,-2.02326449581337,0.512558110197684,-3.94738558528131,7.90092550869345e-05,0.00131334184861286,"ABCA8"
"ENSG00000213468",10.8483061575122,2.7378994843202,0.693689739767087,3.94686461016344,7.91813021574043e-05,0.00131494609488479,"FIRRE"
"ENSG00000127418",424.381694068644,1.05423805593109,0.26711525041038,3.9467535242238,7.92180330132333e-05,0.00131494609488479,"FGFRL1"
"ENSG00000101412",189.489281187065,1.07292246437863,0.271901392348222,3.9459984191789,7.94681376780356e-05,0.00131822690956219,"E2F1"
"ENSG00000236391",1.72672482868854,2.77127149156043,0.702476600292492,3.94500185544479,7.979936070897e-05,0.00132284810948359,"LOC100289479"
"ENSG00000113492",61.5011730541195,-4.9078240954575,1.24417451972059,-3.94464282756705,7.99190085046194e-05,0.00132395820878681,"AGXT2"
"ENSG00000108370",38.0882023208561,-1.0913660559427,0.277049259350266,-3.93924913750776,8.17370180531776e-05,0.00134785629966825,"RGS9"
"ENSG00000285417",8.9060895151213,-1.7382960032678,0.441460367329997,-3.93760376221589,8.22993475047393e-05,0.00135535052564981,NA
"ENSG00000163453",2072.38414787107,1.07773011808203,0.273786870980356,3.93638348772158,8.27187522916931e-05,0.00136047445277653,"IGFBP7"
"ENSG00000169918",36.9085827650718,-1.19177999188303,0.302775603970911,-3.93618236163284,8.27880723522024e-05,0.0013606297186124,"OTUD7A"
"ENSG00000026751",317.645830719475,-1.39758561101023,0.355073854546908,-3.93604201805738,8.28364756466903e-05,0.0013606297186124,"SLAMF7"
"ENSG00000196584",50.6001512654507,1.42896642064334,0.363134547438559,3.9350880568176,8.31661981610747e-05,0.00136264376173058,"XRCC2"
"ENSG00000157388",155.016316776547,1.0180080808741,0.258702060259922,3.93505981301925,8.31759790893602e-05,0.00136264376173058,"CACNA1D"
"ENSG00000158887",42.3791752235881,-1.27441045050092,0.323911409864383,-3.93444136788667,8.33904215663882e-05,0.001363344233053,"MPZ"
"ENSG00000118939",42.1353410877695,1.03090268725173,0.262039180964673,3.9341547453192,8.34899834733426e-05,0.001363344233053,"UCHL3"
"ENSG00000151650",12.6827928148567,1.74799129662761,0.444333314634738,3.93396407393972,8.35562777553326e-05,0.00136354078978524,"VENTX"
"ENSG00000165490",42.958322878005,1.23811073750555,0.314913732186363,3.93158700609744,8.43869444428316e-05,0.00137467839476887,"DDIAS"
"ENSG00000182885",26.8936181431076,1.4060668867903,0.357637543190159,3.93154162241487,8.44028794368857e-05,0.00137467839476887,"ADGRG3"
"ENSG00000146151",4.79529519937851,-1.57093596914737,0.399644575827098,-3.93083270527615,8.46521618940018e-05,0.00137738150705147,"HMGCLL1"
"ENSG00000165480",137.0040096121,1.4885335303168,0.378688670218593,3.93075802731981,8.46784619949273e-05,0.00137738150705147,"SKA3"
"ENSG00000183549",110.707697143836,-2.50618371910202,0.638162702971816,-3.92718613518332,8.59454675159985e-05,0.00139618328645414,"ACSM5"
"ENSG00000224099",2.03334493358596,4.14381542929648,1.05543569614536,3.92616570050684,8.63107082344947e-05,0.00140121085829528,NA
"ENSG00000163687",181.571753153399,-1.8059350018657,0.460312099241658,-3.92328379992813,8.7350153038094e-05,0.00141517512337065,"DNASE1L3"
"ENSG00000125319",32.4643023307529,1.0275967125486,0.261949622147251,3.92287915563761,8.74970436642388e-05,0.00141517512337065,"HROB"
"ENSG00000111886",3.63309623863499,-1.16878530445495,0.297962972952228,-3.9225857255839,8.76037081617033e-05,0.00141517512337065,"GABRR2"
"ENSG00000168461",385.235884083984,1.10420204148975,0.281501994366036,3.9225371883297,8.76213637326303e-05,0.00141517512337065,"RAB31"
"ENSG00000132915",51.6147236248596,-2.29505555106296,0.585517781990421,-3.91970256353462,8.86583179502199e-05,0.00142825140282498,"PDE6A"
"ENSG00000170827",31.8865164758348,2.18225504524235,0.556822754150295,3.9191197359965,8.88729582437737e-05,0.00142958444675789,"CELP"
"ENSG00000181350",367.843427182846,-1.04349813375427,0.266534892674797,-3.91505263450612,9.03844881216471e-05,0.00144805422443771,"LRRC75A"
"ENSG00000165821",29.1050724167506,-1.24986723772007,0.31930920445443,-3.91428502618829,9.06724787250702e-05,0.00145047107755553,"SALL2"
"ENSG00000138100",10.6238688141448,2.4233385165073,0.619133986045633,3.91407768128673,9.07504187574087e-05,0.00145079438536415,"TRIM54"
"ENSG00000248329",1.55384915999114,2.89891493214202,0.741007041480613,3.91212872464704,9.14861223460528e-05,0.00145976999408168,"APELA"
"ENSG00000185862",131.62282516944,-1.08170819793287,0.276520422927809,-3.91185644257196,9.15893523506567e-05,0.00146048985655099,"EVI2B"
"ENSG00000172893",589.709319590786,1.02283799414953,0.261486322271787,3.91163096127988,9.16749220940324e-05,0.00146092737295189,"DHCR7"
"ENSG00000163519",13.902001621864,-1.30840799796837,0.334645985074218,-3.90982726919074,9.23621429787962e-05,0.0014709461439798,"TRAT1"
"ENSG00000129244",16.0984298699843,-1.25328651770777,0.32065736187067,-3.90849132668051,9.2874280969571e-05,0.00147723009813056,"ATP1B2"
"ENSG00000227502",23.8037782832076,-1.21098905915808,0.309908088541999,-3.90757487116689,9.32271569275501e-05,0.00148096819263354,"MROCKI"
"ENSG00000185339",306.937437927909,-1.05571604930778,0.27030638602262,-3.90562748014185,9.3981197085815e-05,0.00149200345165105,"TCN2"
"ENSG00000162894",93.4609366387595,-1.1899490839513,0.304732537727832,-3.90489670982914,9.42656385347099e-05,0.00149557434470694,"FCMR"
"ENSG00000181649",157.098920515377,1.09256730812526,0.279929672338779,3.90300641942309,9.50051818745094e-05,0.00150187717190651,"PHLDA2"
"ENSG00000139269",89.0874043692158,-2.60451317831561,0.667350889634339,-3.90276422609206,9.51003308033024e-05,0.00150217876393325,"INHBE"
"ENSG00000118193",87.359586737353,1.24076585340254,0.31855052824713,3.89503624505044,9.81840468705933e-05,0.00154635862160983,"KIF14"
"ENSG00000242887",1.41669571054061,-2.64242049118045,0.678416146641963,-3.89498467019094,9.82049405152712e-05,0.00154635862160983,"IGHJ3"
"ENSG00000233306",3.11555263901051,-1.84633074961497,0.474047668557294,-3.89482086312976,9.82713287226051e-05,0.00154643504203368,"TRGV2"
"ENSG00000135919",396.694018220459,1.10812270878645,0.284559608526606,3.89416725207101,9.85366481958607e-05,0.00154767052154727,"SERPINE2"
"ENSG00000224739",15.7460346258554,1.61064462867178,0.413619931026631,3.89402083374962,9.85961762364082e-05,0.00154767052154727,NA
"ENSG00000149256",22.7590951645881,1.33574936041476,0.343221308052697,3.89180196297625,9.95024495553782e-05,0.0015589750996111,"TENM4"
"ENSG00000167711",1024.33731805147,-2.63829443915709,0.678003311504575,-3.89127072742813,9.97205906433504e-05,0.0015608204916867,"SERPINF2"
"ENSG00000189366",11.5353631841956,1.71735953965238,0.441403341714123,3.89068087473754,9.99633305720082e-05,0.0015614918199285,NA
"ENSG00000082397",457.301934562323,-1.27659409730447,0.328130173214499,-3.89051114927476,0.000100033280347096,0.0015614918199285,"EPB41L3"
"ENSG00000185332",11.542426329752,1.64054607630246,0.421988378579637,3.88765700568424,0.000101216516360953,0.00157507702348234,"TMEM105"
"ENSG00000105948",59.6639537079542,1.0164220093626,0.261448973625203,3.88764964447588,0.000101219585091082,0.00157507702348234,"IFT56"
"ENSG00000117091",136.645390564246,-1.02307237785117,0.263199061348572,-3.88706696980294,0.000101462768476229,0.00157788417981195,"CD48"
"ENSG00000254042",6.45984739263683,-1.73416555906802,0.446230517931074,-3.88625494981473,0.000101802590683663,0.0015821897999203,NA
"ENSG00000147883",757.164538026608,-1.65514516424654,0.426007361744447,-3.8852501456053,0.000102224578344321,0.0015877663030724,"CDKN2B"
"ENSG00000164532",6.18082414387503,2.7536085530226,0.709021253824975,3.88367561362602,0.000102889156708832,0.00159710154246427,"TBX20"
"ENSG00000197457",186.336951665106,1.37947023118186,0.355265543332776,3.88292717115466,0.000103206487185893,0.00160103841325227,"STMN3"
"ENSG00000101003",177.023807808161,1.3322148121748,0.343265527977811,3.88100378159999,0.000104026223251132,0.00160945899375385,"GINS1"
"ENSG00000180869",3.63094698522353,2.41327864990552,0.621913940535462,3.88040610221362,0.000104282199120439,0.00160977637966569,"LINC01555"
"ENSG00000182487",3.9716072610633,-1.39225894951779,0.358994923796023,-3.87821347108757,0.000105226365178183,0.00162036996525301,NA
"ENSG00000197943",223.171604033673,-1.13247623787071,0.292028121670632,-3.87796980438751,0.00010533178681457,0.00162069933623604,"PLCG2"
"ENSG00000196711",10.7842658952738,2.26169740271446,0.583232481956688,3.87786598429272,0.000105376734527464,0.00162069933623604,"ALKAL1"
"ENSG00000258793",1.36965943601239,-2.42214239666159,0.624742970672417,-3.87702224813289,0.000105742692224313,0.00162493731135934,NA
"ENSG00000250137",4.46756636688032,-2.54240515013297,0.655808623675047,-3.87674857931226,0.00010586164926271,0.00162493731135934,NA
"ENSG00000229891",27.8750987492461,1.26494454682791,0.326297806947711,3.87665659987295,0.00010590165878622,0.00162493731135934,"LINC01315"
"ENSG00000134240",4971.15732769354,-1.47110861733612,0.379510350977689,-3.87633331619617,0.000106042395040491,0.00162493731135934,"HMGCS2"
"ENSG00000182162",88.8026576985451,-1.05727826683693,0.272793767739378,-3.87574201419084,0.000106300265414887,0.00162648709730501,"P2RY8"
"ENSG00000168875",3.835519149852,3.95366189698108,1.02016604696832,3.87550821626574,0.000106402389246843,0.00162648709730501,"SOX14"
"ENSG00000102445",639.57584736481,1.35064083371553,0.348518527360385,3.87537742668956,0.000106459559010318,0.00162648709730501,"RUBCNL"
"ENSG00000197275",18.3694351934683,1.20936941223418,0.312065934305293,3.87536504080916,0.000106464974536101,0.00162648709730501,"RAD54B"
"ENSG00000188848",6.35609444241021,-1.41693969175798,0.365691500010042,-3.87468588063727,0.00010676232457549,0.00162904916752073,"BEND4"
"ENSG00000229404",9.07312391586675,2.91031480652452,0.751345226269491,3.87347214671815,0.000107295674354477,0.00163322083113408,"LINC00858"
"ENSG00000141449",25.9558321715236,2.76237676432854,0.713660752184704,3.87071413955745,0.000108516984390277,0.00164643400664559,"GREB1L"
"ENSG00000178233",5.90762123661046,-1.67123264539475,0.431828736174851,-3.87012837588942,0.000108778057421539,0.00164780069985576,"TMEM151B"
"ENSG00000161405",147.983598517734,-1.16463731173067,0.301106027913072,-3.8678644854858,0.00010979264780706,0.00165916959232665,"IKZF3"
"ENSG00000141579",5.53711382172999,2.6344564218717,0.681317717482233,3.86670763767478,0.000110314543707978,0.00166305626750162,"ZNF750"
"ENSG00000112115",1.91113199939344,3.67479957272796,0.950579193864205,3.86585315189732,0.000110701534989054,0.00166689051875969,"IL17A"
"ENSG00000272899",33.0240070858172,1.20671880380099,0.31220211677137,3.86518456786981,0.000111005225231378,0.00166958096240628,"SPMIP1"
"ENSG00000162747",43.8006567437517,1.99596666157193,0.516546012957693,3.86406362938167,0.000111516152114107,0.001673141742555,"FCGR3B"
"ENSG00000135407",87.762131713848,-1.08615888429351,0.281109256967787,-3.8638317926968,0.00011162210040782,0.00167373210343014,"AVIL"
"ENSG00000147889",14.5156163904235,1.44926181151815,0.375368195899051,3.8609073100799,0.000112966755028216,0.00168873192859463,"CDKN2A"
"ENSG00000171766",1200.10245108001,-1.85454022881137,0.480406587026527,-3.86035553819116,0.000113222162786989,0.0016896592476246,"GATM"
"ENSG00000124253",2905.98554936852,-1.61484674766554,0.418386406904592,-3.85970175181573,0.000113525496711202,0.00169217630951911,"PCK1"
"ENSG00000129295",45.2903926440724,1.16939303714068,0.303181221858258,3.85707607474248,0.000114751456707972,0.00170780463228395,"DNAAF11"
"ENSG00000139117",136.089528413914,-1.14637695047156,0.297218317570817,-3.85701984938537,0.000114777845049047,0.00170780463228395,"CPNE8"
"ENSG00000147138",36.0333729355906,-1.31048959656648,0.339945222210037,-3.85500225020602,0.000115728564703725,0.00171979518785897,"GPR174"
"ENSG00000156970",185.836617749487,1.05804972368702,0.274491826953352,3.85457642010896,0.000115930168437225,0.00172087481570933,"BUB1B"
"ENSG00000165304",179.891270164036,1.17369658425783,0.304585184922756,3.85342637251212,0.000116476300007247,0.00172694153125789,"MELK"
"ENSG00000211890",21647.0911704938,-2.19906546773804,0.570944793359505,-3.8516253993639,0.000117336418689033,0.00173355763555208,"IGHA2"
"ENSG00000104267",3819.25822287117,-2.03095867146051,0.527407615976768,-3.85083303679476,0.000117716733788962,0.00173611457561643,"CA2"
"ENSG00000122691",10.5989098295759,1.66428273265671,0.43241485978701,3.84881022237873,0.00011869291485613,0.00174948483475038,"TWIST1"
"ENSG00000255398",9.20106157509846,2.44833102098595,0.636342297352695,3.84750633608904,0.00011932619213847,0.00175778812112068,"HCAR3"
"ENSG00000142583",54.0071475712398,-1.07526190663926,0.279503317961049,-3.84704523181763,0.000119550904855323,0.00176006666076106,"SLC2A5"
"ENSG00000007312",45.6899297164863,-1.27628621705765,0.33183513662807,-3.84614549871537,0.000119990526564809,0.00176550463881746,"CD79B"
"ENSG00000188176",16.1475915192322,2.34287972353197,0.609232635456872,3.84562412973003,0.000120245971558272,0.00176822791763074,"SMTNL2"
"ENSG00000154265",341.492497987155,-1.07459162158714,0.279462727768079,-3.84520551334102,0.000120451443895608,0.00177021358862019,"ABCA5"
"ENSG00000173114",9.81179590031818,-1.30584525335122,0.339646848772226,-3.84471476202903,0.000120692744225808,0.00177186493333396,"LRRN3"
"ENSG00000189233",52.0324759794833,-1.72749260465832,0.449335797390309,-3.84454702850607,0.000120775322541923,0.00177186493333396,"NUGGC"
"ENSG00000112715",2333.72132560848,1.00919655644754,0.262660338358653,3.84221143836921,0.000121930726101224,0.00178568827368873,"VEGFA"
"ENSG00000138356",1458.22735392583,-2.45535536688203,0.639235669455851,-3.84108003386631,0.000122494164913289,0.00179080910903774,"AOX1"
"ENSG00000206384",6.2445046345605,2.90097888938965,0.755669739904795,3.83895071642691,0.000123561226787754,0.00180221543261929,"COL6A6"
"ENSG00000138678",186.263811494012,-1.47095290415586,0.383303192834812,-3.83757018374168,0.000124257726989549,0.00180922418132929,"GPAT3"
"ENSG00000165996",20.1894710568454,1.38132953265618,0.360062081067616,3.83636490840807,0.000124868831562223,0.00181601771179991,"HACD1"
"ENSG00000170312",279.429826003013,1.21704134770972,0.317287838977349,3.83576424369861,0.000125174440195697,0.00181940940228922,"CDK1"
"ENSG00000224687",8.41213754205802,1.05811191325109,0.275939250254309,3.83458283762068,0.000125777578951644,0.0018271192697305,"RASAL2-AS1"
"ENSG00000108405",63.3576984688165,-1.30541583965345,0.34048244523668,-3.83401804679244,0.000126066886300827,0.00183026396281114,"P2RX1"
"ENSG00000186862",12.2370610324575,1.32134088856157,0.344853295709607,3.83160290187349,0.000127311105869277,0.0018461946922105,"PDZD7"
"ENSG00000213366",82.5321109410364,-1.30155323497163,0.339711304335095,-3.83135096878544,0.000127441559747167,0.00184702066782356,"GSTM2"
"ENSG00000255819",1.2229250500554,-2.26513873651941,0.591279658786916,-3.8309092877753,0.000127670571410219,0.00184927327383873,NA
"ENSG00000163586",15432.9419363014,-1.54845983948022,0.404369396449367,-3.82932005507027,0.000128497801410245,0.00185991346920462,"FABP1"
"ENSG00000075239",1233.63020105605,-1.05824575785101,0.276361088626316,-3.8292140297722,0.000128553169233553,0.00185991346920462,"ACAT1"
"ENSG00000124678",3.22883756359398,4.4374249765886,1.15898633759703,3.82871206729569,0.000128815606068722,0.0018626380875219,"TCP11"
"ENSG00000163909",135.814578643421,1.11609981691539,0.291622275952017,3.82721043264551,0.000129603710890837,0.00187295621529478,"HEYL"
"ENSG00000111012",25.9696233691758,1.15113295862056,0.301030989234105,3.82396829492312,0.000131320809156256,0.00189341552203434,"CYP27B1"
"ENSG00000240219",4.56229793287855,-1.38246796477081,0.361721842084945,-3.8219090027916,0.000132422557888233,0.00190623366410381,NA
"ENSG00000144354",965.422106054655,1.22642359055352,0.321193362756879,3.81833416489939,0.000134355854311072,0.00193163442488075,"CDCA7"
"ENSG00000180287",1.05378273008896,-2.72024179557912,0.712577087255025,-3.81747019969163,0.00013482706641101,0.00193619371770005,"PLD5"
"ENSG00000238078",1.51632685753112,-2.51692461486944,0.66002046604642,-3.81340389328537,0.000137065840444324,0.00196385498073336,"LINC01352"
"ENSG00000241755",340.390873470351,-1.91712091399088,0.50287175668846,-3.81234557020186,0.000137654235529536,0.00197003906212572,"IGKV1-9"
"ENSG00000030304",12.9728608138331,-2.02172316468898,0.530354102538047,-3.81202512625787,0.000137832861269527,0.00197147275843169,"MUSK"
"ENSG00000226476",22.4077151920971,2.536228934654,0.665430789006482,3.81140905493823,0.000138176892791346,0.00197526933602919,"LINC01748"
"ENSG00000262001",40.0176918638351,1.24218151162816,0.325948064400248,3.81097986856832,0.000138417040376089,0.00197757739720949,NA
"ENSG00000211448",53.6182874416082,1.59103203901284,0.41750179372256,3.8108388105995,0.000138496053966847,0.00197758200695502,"DIO2"
"ENSG00000237437",4.00425851707026,1.27137533913149,0.333757060712555,3.80928372396726,0.000139369956099647,0.00198780157022714,"ASS1P12"
"ENSG00000217241",8.63247596508577,1.08403157429344,0.284638193381115,3.80845437998539,0.000139838138325154,0.00198996163887284,NA
"ENSG00000186377",38.8844829885482,1.59880625406193,0.41986849639058,3.80787381717405,0.000140166759358506,0.00199350924133481,"CYP4X1"
"ENSG00000130055",66.964848868852,-1.76232345197982,0.462958469910281,-3.80665559984538,0.00014085868351115,0.00200070913906932,"GDPD2"
"ENSG00000265778",4.82538686188953,-1.05983991869434,0.278445895931985,-3.80626877313799,0.000141079065781299,0.00200195257038387,"ZNF516-AS1"
"ENSG00000242622",10.64328310794,1.01559861427537,0.267071413087815,3.80272303401275,0.000143114324775641,0.00202705536865153,"GSK3B-DT"
"ENSG00000155961",9.78207716326955,-1.40184477275069,0.368651812923508,-3.80262546828045,0.000143170716619174,0.00202705536865153,"RAB39B"
"ENSG00000130173",43.9503258299443,-4.02071069645797,1.0579397348342,-3.80051014634411,0.000144398505083056,0.0020421377778516,"ANGPTL8"
"ENSG00000144821",31.812725424189,-1.39385718544398,0.366815900995961,-3.79988212522806,0.000144764929621466,0.00204616841750115,"MYH15"
"ENSG00000169181",2.16794225590182,-2.33380932843613,0.614356019654929,-3.79878971438578,0.000145404393536987,0.00205289764830227,"GSG1L"
"ENSG00000261327",1.40956514017196,2.93726118064902,0.774113318791677,3.79435556700384,0.000148027418865511,0.00208524499075626,"LOC105371401"
"ENSG00000278857",13.8709152460104,-2.03638855188828,0.536847340367645,-3.79323580236741,0.000148696828093158,0.00209168585753909,"IGKV1D-12"
"ENSG00000258919",4.84251134595738,2.11294166600059,0.55703801412571,3.79317319899059,0.000148734337170122,0.00209168585753909,NA
"ENSG00000239961",5.56286713863867,-1.9732881283836,0.520275920050184,-3.79277235854632,0.000148974713616063,0.00209318230313263,"LILRA4"
"ENSG00000126709",392.518989016609,1.36124479141263,0.358951009011543,3.79228573604275,0.000149267023488611,0.00209485040458864,"IFI6"
"ENSG00000205502",24.3145438129091,1.20956847813247,0.319160133289885,3.7898482672767,0.000150739333849371,0.00210808580910882,"C2CD4B"
"ENSG00000119630",67.8514843429384,1.35253440335061,0.357039479512528,3.7881928497018,0.00015174704376211,0.002116290209093,"PGF"
"ENSG00000172782",15.8887493120305,-1.87487320232015,0.495076412406664,-3.78703803157581,0.000152453772879482,0.00212378922740258,"FADS6"
"ENSG00000187699",476.08963277154,-1.74759128426373,0.461608284364422,-3.78587504483362,0.000153168631559543,0.00213138476175132,"AKAP19"
"ENSG00000124203",23.5484163493646,-1.21903427717274,0.322033343450791,-3.78542875129022,0.000153443793774111,0.00213403208707094,"ZNF831"
"ENSG00000053438",22.0094605372888,1.30768665111536,0.345619337529439,3.7836038355463,0.000154573793969569,0.00214737093214441,"NNAT"
"ENSG00000116748",26.9060734284935,-2.18471171722328,0.57778340740229,-3.78119497589197,0.000156077372530902,0.00216492529280498,"AMPD1"
"ENSG00000185105",11.9492654285739,2.51002035035738,0.663944372795233,3.780467842193,0.000156533937729713,0.00216860771173397,"MYADML2"
"ENSG00000133328",23.984730294875,-2.05179246822539,0.542909071159301,-3.77925619080944,0.000157297523758493,0.00217798571326429,"PLAAT2"
"ENSG00000215866",4.34745890935441,1.67314299428507,0.442820400977218,3.77837830098336,0.000157852960967037,0.00218447288659836,"LINC01356"
"ENSG00000102003",56.3013696131814,-1.25171602105354,0.331508866811055,-3.77581460518508,0.000159485585136301,0.00220100617246589,"SYP"
"ENSG00000015413",1708.65343205756,2.9030047502062,0.769285442138033,3.77363796478201,0.000160884182521909,0.00221643874383296,"DPEP1"
"ENSG00000117215",34.4961065635508,-1.83917921542139,0.487441105527349,-3.77313114254414,0.000161211492903404,0.00221643874383296,"PLA2G2D"
"ENSG00000171503",405.104699815101,-1.00994942085148,0.267669848416554,-3.77311612356046,0.000161221201851365,0.00221643874383296,"ETFDH"
"ENSG00000165886",48.6126089685574,1.05409871326445,0.279635279476541,3.76954837471743,0.000163543209769609,0.00224576668339419,"UBTD1"
"ENSG00000250799",51.7558006391767,-5.66230267886673,1.5023140877916,-3.76905383826247,0.000163867542363759,0.00224576668339419,"PRODH2"
"ENSG00000078589",22.774032807025,-1.2555985655584,0.333143256926021,-3.76894485916977,0.000163939095614727,0.00224576668339419,"P2RY10"
"ENSG00000171431",6566.19589033579,-1.70414394459046,0.452625095406619,-3.76502311048293,0.000166533678733972,0.00227330683338591,"KRT20"
"ENSG00000080031",1051.48407639636,-1.24097884323596,0.329658401029049,-3.76443870188708,0.000166923607902873,0.0022773926114045,"PTPRH"
"ENSG00000164690",174.75932265131,1.16948868280112,0.310810711473666,3.76270392116203,0.000168086153511312,0.0022907471703724,"SHH"
"ENSG00000105366",27.6789058516724,-1.29963533751853,0.345903525335662,-3.75721911552469,0.000171812047207374,0.00233395057209109,"SIGLEC8"
"ENSG00000260394",0.846603331238407,2.3892793299188,0.636048244156114,3.75644355891401,0.000172345118080598,0.00233866369464552,"STUB1-DT"
"ENSG00000155719",1.70682689591805,-2.1752731197583,0.579256810687317,-3.75528276858278,0.000173145882649113,0.00234826183316506,"OTOA"
"ENSG00000105825",35.974195980962,1.64840299724254,0.439169478022507,3.75345528260517,0.000174413657905935,0.00235909022434556,"TFPI2"
"ENSG00000188322",43.2136948039005,1.41175620893095,0.376236410043094,3.75231150214635,0.000175211564873028,0.00236572062788019,"SBK1"
"ENSG00000271425",7.02421682465332,-1.01038371539626,0.269276744383748,-3.75221305392923,0.000175280403052521,0.00236572062788019,"NBPF10"
"ENSG00000152253",79.8181310749981,1.08814050275594,0.290037117684177,3.7517284389125,0.000175619632464193,0.00236902682955322,"SPC25"
"ENSG00000156298",248.232202422117,-1.26021893059424,0.336062906489211,-3.74994950725005,0.000176870180824109,0.00238078442115194,"TSPAN7"
"ENSG00000183615",34.4458245069884,1.06843848880718,0.284946590721319,3.74960965878733,0.000177110037209244,0.00238146192889541,"FAM167B"
"ENSG00000281721",1.83654742213715,-2.5453401188738,0.679052938629607,-3.7483677252182,0.000177989166023223,0.00238944750605214,NA
"ENSG00000224269",1.67039699904199,3.06263402830892,0.817232980944831,3.74756538186711,0.000178559301646375,0.00239071593482954,NA
"ENSG00000197766",581.114407114386,-1.65657951408179,0.44240103568835,-3.74451997270814,0.000180738999691034,0.00241347067015695,"CFD"
"ENSG00000158023",17.4538899788048,1.33212172809575,0.355784301373483,3.74418354872089,0.000180981317752081,0.00241542299332319,"CFAP251"
"ENSG00000249158",1.76130311854226,3.21551203118433,0.859100688916844,3.7428814487839,0.000181922070769976,0.00242668978796192,"PCDHA11"
"ENSG00000254827",150.122895626891,-1.27952876004352,0.341914649179643,-3.74224609303373,0.000182382775543785,0.0024315445794116,"SLC67A1-AS"
"ENSG00000165376",506.879199758265,2.83043509376874,0.756483676546841,3.74156796970024,0.00018287570163133,0.00243508755115834,"CLDN2"
"ENSG00000188483",96.3560041013969,1.01180567147224,0.270425213106955,3.74153600489929,0.00018289896764412,0.00243508755115834,"IER5L"
"ENSG00000172828",885.881409278208,-1.39195434544642,0.372033012525907,-3.74148072504584,0.000182939210400977,0.00243508755115834,"CES3"
"ENSG00000255571",7.60391923868376,-1.35945659349103,0.36338477558414,-3.74109397210081,0.000183220992648087,0.00243633456942418,"MIR9-3HG"
"ENSG00000156222",31.5114090763541,-3.50628207300257,0.937495223309171,-3.74005326728609,0.000183981261770866,0.00244384858352009,"SLC28A1"
"ENSG00000269954",3.41908762372397,-1.73840178726594,0.464807559739305,-3.74004628547985,0.000183986372210418,0.00244384858352009,NA
"ENSG00000237513",5.85328959395109,-1.17099367868795,0.313133172547656,-3.73960276760436,0.000184311285515955,0.00244687105985286,NA
"ENSG00000111665",116.844706257781,1.03644838789351,0.277188423723214,3.73914745057481,0.000184645403735068,0.00244871959961266,"CDCA3"
"ENSG00000188488",244.618793031831,-2.39022329239283,0.639295310619292,-3.73884064639454,0.000184870862081354,0.00244912474167976,"SERPINA5"
"ENSG00000089327",470.745143259121,1.13897281270413,0.304923845105237,3.73526974353561,0.000187514083784872,0.00248152524465383,"FXYD5"
"ENSG00000285280",4.51344827838034,1.74294246343745,0.466639690491594,3.73509261846395,0.000187646114002579,0.00248196552157832,"RGS2-AS1"
"ENSG00000010932",5.1451859204623,1.93623599747882,0.518410917829714,3.73494448300726,0.000187756602260711,0.00248212055308465,"FMO1"
"ENSG00000109819",298.363289420539,-1.35422095407464,0.362930943393794,-3.73134608311769,0.000190459361860557,0.00250981572818957,"PPARGC1A"
"ENSG00000186832",6.28057070202115,3.88668312496583,1.04166399148756,3.73122538239553,0.000190550650964375,0.00250981572818957,"KRT16"
"ENSG00000211668",801.279823540443,-1.67608853429333,0.449471720826503,-3.72901888290387,0.000192226748679819,0.00252350489808695,"IGLV2-11"
"ENSG00000237649",275.77496661018,1.05983706486472,0.284219986327351,3.72893222098763,0.000192292860603896,0.00252350489808695,"KIFC1"
"ENSG00000151090",229.350257850538,-1.34864122993877,0.362196732671473,-3.72350468208678,0.000196476215607649,0.00256825332871871,"THRB"
"ENSG00000152377",102.918515971908,1.75597157675285,0.471622027789995,3.72326030864436,0.000196666567212142,0.00256882926227045,"SPOCK1"
"ENSG00000174938",219.497738067173,1.06393832853147,0.28591339304804,3.72119094243588,0.000198285434657948,0.00258594253159777,"SEZ6L2"
"ENSG00000105559",287.534756847889,1.2704461745952,0.341763327768202,3.71732737649626,0.000201341469082603,0.00261891549848835,"PLEKHA4"
"ENSG00000232284",12.0758407226552,-1.07710117711047,0.28976750712746,-3.71712200511387,0.000201505147594309,0.00261891549848835,"GNG12-AS1"
"ENSG00000076555",496.427367734455,-1.02460571851474,0.275645797457617,-3.7171098850955,0.000201514811007781,0.00261891549848835,"ACACB"
"ENSG00000128610",2.64345187693891,5.09527702702084,1.37136151147436,3.71548784502701,0.000202812015245202,0.00263132098870788,"FEZF1"
"ENSG00000163534",15.2126782611063,-1.81027086473042,0.487385027722463,-3.71425210411112,0.000203805542284553,0.00264164346233478,"FCRL1"
"ENSG00000243290",296.324229516586,-1.82118128958315,0.490324494414389,-3.71423681731064,0.000203817861345237,0.00264164346233478,"IGKV1-12"
"ENSG00000164400",2.06409778865607,2.70570640006223,0.728564467267682,3.7137501506344,0.000204210413614631,0.00264536696110788,"CSF2"
"ENSG00000243696",41.847274878842,-2.13735945825202,0.575668017851626,-3.71283342477246,0.00020495178737672,0.00265087152267851,NA
"ENSG00000112761",4.93416911585388,3.65781468356481,0.985229700881311,3.71265165909311,0.000205099084785822,0.00265141208835005,"CCN6"
"ENSG00000084734",76.5286800051088,-3.38956321655,0.913218171563281,-3.71166860460914,0.000205897447132984,0.00265763160960401,"GCKR"
"ENSG00000186301",37.7002002143663,-1.47828309032004,0.398318352677146,-3.71131051427663,0.000206188985582597,0.00265938504452253,NA
"ENSG00000091436",795.309172968265,1.14185441512212,0.307674482553896,3.71124184769562,0.000206244934613601,0.00265938504452253,"MAP3K20"
"ENSG00000271474",3.39877064170598,-1.23854128529603,0.333749966933963,-3.71098549214565,0.000206453937272472,0.00266071481927923,NA
"ENSG00000274270",2.75390444443929,1.94365214290089,0.523793924287038,3.7107191450273,0.000206671296609106,0.00266123630875952,NA
"ENSG00000143416",6854.33472162111,-1.34830012192949,0.363535260866963,-3.70885651838572,0.000208197358603644,0.00267571122112784,"SELENBP1"
"ENSG00000135549",351.470214625679,-1.77098800903899,0.477537559709975,-3.70858369782384,0.000208421768851938,0.00267571122112784,"PKIB"
"ENSG00000102265",1840.09577205993,1.32028557495683,0.356013576141324,3.70852591990122,0.000208469323583156,0.00267571122112784,"TIMP1"
"ENSG00000153283",73.8930615845421,-1.14692110738325,0.309592710209527,-3.70461276884404,0.000211713906620686,0.00270492231178671,"CD96"
"ENSG00000278962",6.42297179018838,-1.32199763205268,0.356965445998105,-3.70343305458113,0.000212701330428102,0.00271477762061384,NA
"ENSG00000214888",1.83557675811914,-2.67162178206389,0.721665079708741,-3.70202446700363,0.000213885986293378,0.00272712771260217,NA
"ENSG00000237111",20.3841109669485,-1.95196415604681,0.527467341311845,-3.70063509750604,0.000215060546651971,0.00273793647310572,"IGHJ3P"
"ENSG00000233901",7.79211246488116,1.4321516679661,0.387083876870723,3.69984841410587,0.000215728284469942,0.00274504684405778,"LINC01503"
"ENSG00000262406",330.0574773005,1.86637317756448,0.504607899674793,3.69866024445379,0.000216740495818649,0.00275374388292137,"MMP12"
"ENSG00000125775",820.284458879981,-1.44830066763189,0.391589589914434,-3.6985167760674,0.000216863018989278,0.00275390830228375,"SDCBP2"
"ENSG00000009790",114.752529822519,-1.01136647912385,0.273500997862848,-3.69785297686928,0.000217430755919305,0.00275947277949662,"TRAF3IP3"
"ENSG00000129214",37.0690892725738,-2.97037298825135,0.803574318514182,-3.69645086934037,0.000218634546355348,0.00277080422816756,"SHBG"
"ENSG00000272674",15.3488357878272,1.93731087399034,0.52414147449704,3.69616023202393,0.000218884857009616,0.00277257829713139,"PCDHB16"
"ENSG00000237686",7.11364084889174,2.56645537928625,0.69497036740742,3.69289900641431,0.000221712088771519,0.00280411705715585,"SCIRT"
"ENSG00000187513",62.8604997220615,1.0782279285243,0.29198318051692,3.69277410642431,0.000221821046103451,0.00280411705715585,"GJA4"
"ENSG00000240489",7.79708975561404,1.0557911606472,0.285925386636581,3.69254081656323,0.000222024692697696,0.00280528031784102,NA
"ENSG00000254109",3.34550657433095,1.70829578294212,0.462758971319177,3.69154546711934,0.000222895540343233,0.00281204208050491,"RBPMS-AS1"
"ENSG00000280693",21.7981292815907,1.95854371439215,0.530636558089424,3.69093249331323,0.000223433435531497,0.00281741378240945,"SH3PXD2A-AS1"
"ENSG00000109089",102.899202289639,1.02486282176723,0.277704826076307,3.69047537360989,0.000223835358947699,0.0028210664020635,"CDR2L"
"ENSG00000203688",25.0571283400665,1.23873683438877,0.335798824571091,3.68892546294938,0.000225203178482444,0.00283546146214544,"LINC02487"
"ENSG00000242472",11.3256326892662,-1.60736565726419,0.435883583618188,-3.68760310705384,0.000226376376116821,0.00284737973382975,"IGHJ5"
"ENSG00000186871",48.4871468101846,1.24429058545881,0.337672455883076,3.68490400617591,0.000228788852621245,0.00286910811138948,"ERCC6L"
"ENSG00000125245",10.7147842547879,-1.23569827534956,0.335568698498334,-3.68240029799947,0.000231048239590634,0.00288735619550085,"GPR18"
"ENSG00000169174",294.401570422217,1.62055702175211,0.440169101939244,3.68166919170939,0.000231711941507094,0.00289021882984432,"PCSK9"
"ENSG00000196366",5.2395438148991,1.34223564242052,0.364575347746636,3.68164125939014,0.000231737334055004,0.00289021882984432,"C9orf163"
"ENSG00000227630",6.38054277440664,1.12998384979035,0.30715039759286,3.6789268665971,0.000234217413675474,0.00291680764275438,"LINC01132"
"ENSG00000211699",4.67925997753963,-1.46928507125495,0.399563965099498,-3.67722117005489,0.000235788590265995,0.00292676012980314,"TRGV3"
"ENSG00000144035",25.1893029549466,-3.23658353526868,0.880200282266643,-3.67709895176813,0.000235901548660313,0.00292676012980314,"NAT8"
"ENSG00000224041",18.0643596657919,-1.72282560236522,0.468534786542569,-3.67704949952246,0.000235947268574732,0.00292676012980314,"IGKV3D-15"
"ENSG00000233532",6.27643342789405,3.53387044686569,0.961100755461081,3.6768990418391,0.000236086421834706,0.00292702904150369,"LINC00460"
"ENSG00000278484",3.88080812138699,-1.94726468931207,0.529621389491455,-3.67671081257093,0.000236260617196763,0.00292774436428592,NA
"ENSG00000186198",195.774144111654,-1.67597448001669,0.456064386512877,-3.67486374639203,0.000237976380701681,0.00294610070118914,"SLC51B"
"ENSG00000150594",175.089663714444,-1.35072761031497,0.367863476098725,-3.67181766627049,0.000240831484907874,0.00297120080864987,"ADRA2A"
"ENSG00000106688",306.633311733352,-1.14795293010146,0.312669023891623,-3.67146356813193,0.000241165459755254,0.00297357281305678,"SLC1A1"
"ENSG00000125207",4.46202430270104,2.50147092552336,0.681470994632484,3.67069316996007,0.000241893578049101,0.00297991544605488,"PIWIL1"
"ENSG00000166816",339.923553998774,-1.54647943468627,0.421418849559331,-3.66969687355796,0.000242838255454262,0.0029900873090745,"LDHD"
"ENSG00000182040",0.826329935432657,-2.44022873487459,0.665064032883665,-3.66916359060038,0.000243345329540981,0.00299429685441575,"USH1G"
"ENSG00000162398",5.67517564653977,-1.72979913177215,0.471468301272156,-3.66896168226932,0.00024353757392964,0.00299429685441575,"CIMAP2"
"ENSG00000168209",500.271784492676,1.30974119827607,0.357388397231198,3.66475579068333,0.000247574699329283,0.00303502427748498,"DDIT4"
"ENSG00000250961",0.836070141347122,-3.14788395273734,0.859131262924032,-3.66403143336164,0.000248276296027523,0.00303769795300277,NA
"ENSG00000180871",18.9615305539844,1.54657545396443,0.422192298370946,3.66320148409146,0.000249082459130615,0.00304459692627018,"CXCR2"
"ENSG00000103154",3.31845618710621,-2.362028275503,0.644953272309091,-3.66232466275636,0.000249936817640806,0.0030520710224155,"NECAB2"
"ENSG00000112337",39.8210232071818,-5.70112822305475,1.55684278077813,-3.66198070443906,0.000250272714225157,0.00305305544560391,"SLC17A2"
"ENSG00000138669",54.9689746323549,-2.04468104793835,0.558381522135979,-3.66179926605885,0.000250450070560782,0.00305305544560391,"PRKG2"
"ENSG00000198807",5.81966940249516,1.99304060980066,0.544324060609152,3.66149643940092,0.000250746346732182,0.00305305544560391,"PAX9"
"ENSG00000004799",463.760303530649,-1.31524464428276,0.359299529529628,-3.66057992339871,0.00025164504163675,0.00306103172380114,"PDK4"
"ENSG00000256039",4.99833729261589,-1.85122013354496,0.506057651681717,-3.65812102117819,0.000254071078746053,0.00307699189849303,"LINC02446"
"ENSG00000156475",14.2873733032239,-1.34523667900136,0.367739973534028,-3.65811925767401,0.000254072826524091,0.00307699189849303,"PPP2R2B"
"ENSG00000050555",71.5457096947684,-1.11881286646608,0.305869116846002,-3.65781572851429,0.000254373816983412,0.00307699189849303,"LAMC3"
"ENSG00000161040",4.97972310885834,1.05083604700489,0.287297419859478,3.65765918649348,0.000254529180363764,0.00307699189849303,"FBXL13"
"ENSG00000166165",6226.89725457682,-1.59424195069085,0.435866352674192,-3.65763941380108,0.0002545488105116,0.00307699189849303,"CKB"
"ENSG00000158467",2505.88489939044,-1.4232104304221,0.389430075171531,-3.65459814523885,0.000257585114996909,0.00310836781977544,"AHCYL2"
"ENSG00000211772",109.631250950867,-1.013578050697,0.277439476995134,-3.65333031072135,0.000258860882300954,0.00311861593149821,"TRBC2"
"ENSG00000135678",497.412603557381,-1.26186479744008,0.345684201555286,-3.65033979500005,0.000261893616992709,0.00314610348405534,"CPM"
"ENSG00000137265",175.474133992456,-1.61415564582673,0.44220990258848,-3.65020239569094,0.000262033753325259,0.00314628296933449,"IRF4"
"ENSG00000139572",12.0060925876105,2.00838179328998,0.550292407599001,3.6496629165807,0.000262584659185477,0.00315139210601252,"GPR84"
"ENSG00000120068",97.2112509166149,1.6053099367005,0.439940691002343,3.64892352431193,0.000263341476800304,0.00315482899515123,"HOXB8"
"ENSG00000188603",65.5797445942148,-1.05322959268868,0.288656100513225,-3.64873491610281,0.000263534857058723,0.00315482899515123,"CLN3"
"ENSG00000232480",2.25129010720194,2.0170466003,0.552987379003571,3.64754545381221,0.000264757485004209,0.00316236708918288,NA
"ENSG00000006740",399.040814351029,-1.3229044515986,0.362709345634312,-3.64728526441765,0.000265025637106806,0.00316406616918344,"ARHGAP44"
"ENSG00000261485",10.9264580273589,1.48575090258705,0.407430307958139,3.64663814538731,0.000265693664748684,0.00316903060692889,NA
"ENSG00000204618",36.2503223136283,1.0023752746757,0.274923235903611,3.64601875640346,0.000266334544612343,0.00317065534848545,"RNF39"
"ENSG00000260274",8.55425222068286,-1.00008360547887,0.274318160227496,-3.64570688520764,0.000266657785035588,0.0031730003767658,NA
"ENSG00000159958",22.6107337069999,-1.36276234899745,0.373890512062028,-3.64481661083544,0.000267582538729248,0.0031805983670393,"TNFRSF13C"
"ENSG00000278196",311.181241016359,-1.61901337844476,0.444351372965685,-3.64354309887502,0.000268910599426906,0.00319224953906357,"IGLV2-8"
"ENSG00000113594",177.552157820294,-1.40185054822171,0.384871596338473,-3.64238504882772,0.000270123613931238,0.00320356109565752,"LIFR"
"ENSG00000203804",3.48488955839252,-1.24440360166679,0.341698043760194,-3.64182243472287,0.000270714780737544,0.00320749035719842,NA
"ENSG00000206195",4.11122520063561,3.1747684646095,0.871977139197111,3.64088497495785,0.000271702511164179,0.00321352238452793,"DUXAP8"
"ENSG00000197921",2.99160455090719,-1.61036966954418,0.442345983302815,-3.64052061131021,0.000272087324348536,0.00321477505792339,"HES5"
"ENSG00000152292",31.8164757397382,-2.30918473473062,0.634675706028867,-3.63836950555279,0.000274369588813208,0.00323512179677429,"SH2D6"
"ENSG00000182352",9.16167746608421,3.24549751580339,0.892038975527881,3.63829115637331,0.000274453052832071,0.00323512179677429,"CD300LD-AS1"
"ENSG00000164694",264.080926585487,1.80376219574737,0.495966831261647,3.6368605359333,0.000275981258338598,0.00324704354087421,"FNDC1"
"ENSG00000132465",14961.3026447175,-1.992137157288,0.548067347511582,-3.63484007272647,0.000278153129500269,0.00327106518365524,"JCHAIN"
"ENSG00000168509",58.8149020726853,-4.74530156731548,1.30577944532288,-3.63407586504174,0.000278978771653009,0.0032746452640877,"HJV"
"ENSG00000243832",4.11167728254617,-2.16197968634873,0.59496871205447,-3.63377038581283,0.000279309450323179,0.00327699616996816,NA
"ENSG00000203739",9.00274788541526,-1.11891853475441,0.308194516349571,-3.63055951808458,0.000282807477919606,0.00331030960763746,"PRDX6-AS1"
"ENSG00000175463",95.6150829482319,-1.0247078055865,0.282348188093557,-3.62923457205596,0.000284262848064731,0.00331961414252544,"TBC1D10C"
"ENSG00000197168",20.1213041071711,1.12409385407215,0.309962919896807,3.62654298922716,0.000287241016605136,0.00334661751891686,"NEK5"
"ENSG00000087586",288.720860156098,1.07318977070934,0.296108214075235,3.62431611044962,0.000289727073002522,0.00337080380809424,"AURKA"
"ENSG00000087245",1638.29342833483,1.18269096068589,0.326575294727331,3.62149550128512,0.000292904899857177,0.00339685880863438,"MMP2"
"ENSG00000238042",1.41160941630849,3.32541738605168,0.918299847215016,3.62127620530144,0.000293153331702191,0.0033972295839229,NA
"ENSG00000279756",11.502963069234,-2.19315818467557,0.605659187036017,-3.62110941536028,0.000293342413637049,0.0033972295839229,NA
"ENSG00000187288",27.0088826409211,-1.76758422539645,0.488189440592573,-3.62069327687818,0.000293814668511965,0.00339890144908472,"CIDEC"
"ENSG00000211938",1212.38876718487,-1.49810781121675,0.413782605328446,-3.62051906466104,0.000294012584693316,0.00339890144908472,"IGHV3-7"
"ENSG00000173237",71.290296457857,-2.13238702945507,0.58900204505614,-3.6203389230199,0.000294217368399355,0.00339890144908472,"C11orf86"
"ENSG00000197301",2.1719585522223,2.24630745833828,0.62050448950368,3.62013087147045,0.000294454046140886,0.00339890144908472,"HMGA2-AS1"
"ENSG00000089558",4.51745232574312,1.68616858617369,0.46594875183729,3.61878549845864,0.000295988841981565,0.00341215393937556,"KCNH4"
"ENSG00000270885",24.0337859395896,2.18451630218126,0.603743244914533,3.61828694661503,0.00029655948820153,0.00341559876168316,"RASL10B"
"ENSG00000189057",155.500164687439,1.03066569415269,0.284998914944389,3.61638462502145,0.000298746380920521,0.00343675114279885,"FAM111B"
"ENSG00000213886",3.07131724928379,2.89406270220222,0.800312273427971,3.616166836735,0.000298997709784647,0.00343737943485726,"UBD"
"ENSG00000169604",721.247877568957,1.1080837120526,0.30656716158791,3.61448925681772,0.000300940293945322,0.00345497054688894,"ANTXR1"
"ENSG00000167077",41.5964564800579,-1.19017648547198,0.329327355456393,-3.61396180958787,0.000301553499242706,0.00345885029186146,"MEI1"
"ENSG00000196616",2949.86482625404,-2.07383517279376,0.573949895674805,-3.61326866408001,0.000302361123217926,0.00346653165492231,"ADH1B"
"ENSG00000271952",2.85055534197522,-2.26584790393072,0.627243901741757,-3.6123872988463,0.000303390978338663,0.00347295108136435,"LINC01954"
"ENSG00000274080",5.04879791089753,2.01405356685022,0.557551796420042,3.6123165233834,0.000303473820169357,0.00347295108136435,NA
"ENSG00000121743",2.4605751689832,2.16340678320676,0.599049720258878,3.61139770213372,0.000304551213744306,0.00348226961757337,"GJA3"
"ENSG00000165125",6.00202185380447,-1.6538641947003,0.457967393477873,-3.61131429497765,0.000304649192626293,0.00348226961757337,"TRPV6"
"ENSG00000042445",1923.05228496346,-1.0627910622525,0.294298598770118,-3.61126783033945,0.000304703787714131,0.00348226961757337,"RETSAT"
"ENSG00000168280",69.3900514396954,-1.53975777645602,0.426469047701798,-3.61047955239339,0.00030563139696813,0.00349128301691185,"KIF5C"
"ENSG00000140807",683.144394369836,2.00692717393127,0.556049413744851,3.60926047995469,0.000307071153721326,0.00350613592193123,"NKD1"
"ENSG00000269155",12.6841855955414,1.29275961976613,0.358313610054993,3.60789984943,0.000308685592941968,0.00352194239733719,"LOC441179"
"ENSG00000134028",1613.25686401425,-2.14813293647996,0.595437731318992,-3.60765336741677,0.000308978902027025,0.00352311650945607,"ADAMDEC1"
"ENSG00000114656",24.9948459775796,1.55311791413439,0.430529356938618,3.60746111526101,0.000309207859697575,0.00352412821862121,"CFAP92"
"ENSG00000117322",70.7971535634181,-2.08036287732482,0.57673188109669,-3.60715775477659,0.000309569462040677,0.00352511424051914,"CR2"
"ENSG00000142235",29.6616777113129,1.38741359856238,0.384999343033746,3.60367783391456,0.000313745908675343,0.00356153662950019,"LMTK3"
"ENSG00000249859",52.4099714252216,1.14661958207433,0.318181815947603,3.60366156896643,0.000313765552413888,0.00356153662950019,"PVT1"
"ENSG00000119227",653.923625174259,-1.13971415780837,0.316588988550911,-3.59998041316934,0.000318241151599165,0.00359771407145236,"PIGZ"
"ENSG00000169248",61.1455202870614,2.06606608551614,0.574225954128463,3.59800192008376,0.000320671252195529,0.00361867500625319,"CXCL11"
"ENSG00000250274",1.25195933287427,2.48302761551399,0.690413186980078,3.5964371224932,0.000322605517337699,0.00363560504762946,"LOC100128059"
"ENSG00000154165",122.040187292358,-2.15591673568535,0.599499749822971,-3.59619288635563,0.000322908404000291,0.00363738731552278,"GPR15"
"ENSG00000156687",5.31847929314938,-2.56088598603989,0.712369826015809,-3.5948827315758,0.000324537726027976,0.00365083150976234,"UNC5D"
"ENSG00000223462",1.41426883062208,-2.13180435132273,0.593145765509982,-3.59406485771641,0.000325558739943072,0.0036606786100713,NA
"ENSG00000106624",1868.88633435668,1.21140430420321,0.337126301285779,3.59332481501145,0.000326485181351199,0.00366781363099552,"AEBP1"
"ENSG00000102384",49.5381791378899,1.14525820412079,0.318777288788912,3.59265934054404,0.000327320378983038,0.00367484180737112,"CENPI"
"ENSG00000134545",7.92925264967099,-1.37171298295954,0.381816929510639,-3.59259340521546,0.000327403239294255,0.00367484180737112,"KLRC1"
"ENSG00000170482",34.9823803365655,-1.38684297959042,0.386664619362557,-3.58668186884212,0.000334912505930284,0.00374287168931094,"SLC23A1"
"ENSG00000173208",12.8929251613082,-1.13082288562052,0.315294861613082,-3.5865566594873,0.000335073285169001,0.00374287168931094,"ABCD2"
"ENSG00000205420",8.28338929036936,4.86362215423935,1.35608738519191,3.58651087485122,0.000335132094484775,0.00374287168931094,"KRT6A"
"ENSG00000285735",1.66655810019758,-2.62887095601827,0.733007410979298,-3.58641797701077,0.000335251449311167,0.00374287168931094,"LINC02717"
"ENSG00000166501",148.359502417684,-1.12536682680211,0.313904122860024,-3.58506545421813,0.000336993677022843,0.00375898273291658,"PRKCB"
"ENSG00000176485",266.969094022089,1.31102963224068,0.365798307470598,3.58402323210875,0.0003383419715303,0.00376755469768673,"PLAAT3"
"ENSG00000198851",126.008250221473,-1.0266510540867,0.286453344393022,-3.58400791675905,0.000338361822159045,0.00376755469768673,"CD3E"
"ENSG00000224968",5.12454203927209,-1.99674067442516,0.557332135824584,-3.58267637208995,0.000340091843964443,0.0037851408904652,NA
"ENSG00000196352",921.64237970501,1.12967666356327,0.315463097248831,3.58101049985001,0.000342267897536916,0.00379999025860742,"CD55"
"ENSG00000171747",13562.4320243743,-1.20969782937892,0.33793333598105,-3.57969368682453,0.000343997200934005,0.00381219068064002,"LGALS4"
"ENSG00000187824",109.795917012501,-1.61899972277258,0.452291841006051,-3.57954660241356,0.000344190866036855,0.00381219068064002,"TMEM220"
"ENSG00000172673",26.5045594242745,-1.26871817620377,0.354534016442283,-3.57855133037795,0.000345504016896021,0.00382336479463404,"THEMIS"
"ENSG00000211786",2.50205727131405,-1.44101340945002,0.402869998795976,-3.57686949575957,0.00034773366695624,0.00383958470310952,"TRAV8-2"
"ENSG00000164076",2.96664010342217,2.80957074618871,0.78559779225359,3.57634755837219,0.000348428344252203,0.00384387740096668,"CAMKV"
"ENSG00000267391",9.42392873571327,-4.05287221919496,1.13329180050963,-3.57619477823137,0.000348631933831893,0.00384443577408043,"MIR122HG"
"ENSG00000157111",288.461285254945,-1.43550252098223,0.40144919896309,-3.57580118403528,0.000349156936655696,0.00384835259506088,"TMEM171"
"ENSG00000179772",10.8394436978355,1.34733840188088,0.376985511211291,3.5739792692609,0.000351596779212103,0.0038703366878578,"FOXS1"
"ENSG00000100678",4.69067344642465,-1.37405172644307,0.384516130239415,-3.57345665990013,0.000352299576347249,0.00387467862283707,"SLC8A3"
"ENSG00000213247",0.745288939793223,-2.54284682095762,0.711616286862336,-3.57333982920706,0.000352456868078983,0.00387471283976068,NA
"ENSG00000164406",107.686713359219,-1.67411432948697,0.468662475371777,-3.57211088461679,0.000354115407209506,0.00389124368105907,"LEAP2"
"ENSG00000133110",2269.04215323914,1.16456965423564,0.326050734869285,3.57174368799543,0.000354612376970254,0.0038932999762514,"POSTN"
"ENSG00000162460",52.2280238646039,-1.59200522372949,0.446137671728456,-3.56841693632738,0.000359144674436188,0.00393358079258773,"TMEM82"
"ENSG00000186638",63.37377726947,1.0524258218378,0.295053037251497,3.5669038747794,0.000361223908887716,0.00395379706195871,"KIF24"
"ENSG00000241566",8.35010586139148,-1.86216041754527,0.522132342401286,-3.56645292069286,0.000361845779566918,0.00395887953256256,"IGKV2D-24"
"ENSG00000021300",273.725356261254,1.22306615536842,0.342984758597681,3.56594899542771,0.000362541882392498,0.00396304482227311,"PLEKHB1"
"ENSG00000177108",2.19609420296667,-3.04013275705861,0.852656920269751,-3.56548183071899,0.00036318832390108,0.0039683851165035,"ZDHHC22"
"ENSG00000130208",1726.73337649042,-2.18263914951635,0.612245111800951,-3.56497603238677,0.00036388943994993,0.00397431791194337,"APOC1"
"ENSG00000171403",2.85460663432127,-1.93615942304094,0.543138940058705,-3.56475899671578,0.000364190673378268,0.00397488227691572,"KRT9"
"ENSG00000132704",23.8414762967567,-1.60069497620167,0.449039211460796,-3.56471091019947,0.000364257446330703,0.00397488227691572,"FCRL2"
"ENSG00000163564",15.0973925781725,-1.15149953940996,0.323185701169243,-3.56296561154776,0.000366688730359501,0.00399434647243921,"PYHIN1"
"ENSG00000173585",2.76762424611911,-1.36064008453166,0.382299159583302,-3.55909776525464,0.000372130997367018,0.00404051667130259,"CCR9"
"ENSG00000150893",60.5274172786565,1.90878104547133,0.536425084782075,3.55833666176663,0.000373210763165272,0.00404797569663636,"FREM2"
"ENSG00000134871",3753.12095645107,1.20832429931869,0.339634843670805,3.55771594651187,0.000374093529882991,0.00405320029333297,"COL4A2"
"ENSG00000258404",3.53663768379325,2.05942509147667,0.578993793249444,3.55690357217598,0.000375251818800002,0.00406134946522948,NA
"ENSG00000168386",487.003707069223,1.11065441449595,0.312267858525248,3.55673625758749,0.00037549079304636,0.00406218644857859,"FILIP1L"
"ENSG00000077616",9.59072412623024,-1.28008984471343,0.360023641235677,-3.55557162946269,0.000377158168789842,0.00407846899305401,"NAALAD2"
"ENSG00000147647",194.308677470195,-4.11078026413924,1.15644525401133,-3.55466914657681,0.000378454992899204,0.00408866791023776,"DPYS"
"ENSG00000188089",5.06072341067237,1.63729290670352,0.460849785231723,3.55276916507677,0.000381198809594266,0.00410802199138657,"PLA2G4E"
"ENSG00000139329",1523.83300035164,1.02355721428644,0.28820600706685,3.55147772492132,0.000383074416414751,0.00412469715463543,"LUM"
"ENSG00000156738",70.0104563123103,-1.71991691832348,0.484534999566804,-3.54962370078769,0.000385782168740099,0.00414512613166308,"MS4A1"
"ENSG00000081041",197.58805291232,1.60733542857768,0.452829102877113,3.5495409159112,0.000385903489996811,0.00414512613166308,"CXCL2"
"ENSG00000141505",363.744946003288,-2.54161851157335,0.716049439984478,-3.54950143055548,0.000385961368353492,0.00414512613166308,"ASGR1"
"ENSG00000187134",169.577489697894,-1.84293672823536,0.519357194901028,-3.54849561405722,0.00038743845077777,0.00415746017450472,"AKR1C1"
"ENSG00000080573",203.455433439751,1.13262246803459,0.3191839795985,3.54849409879314,0.000387440679984484,0.00415746017450472,"COL5A3"
"ENSG00000143494",18.1864058523563,1.19293629652972,0.336247256636162,3.54779488303912,0.000388470623101796,0.00416360973064002,"VASH2"
"ENSG00000211597",4.42955498195202,-1.82968773919513,0.515987626006568,-3.54599150633865,0.00039113881401062,0.00418387874244048,"IGKJ1"
"ENSG00000091138",9333.39609450792,-2.19967532666113,0.620338577388573,-3.54592702572369,0.000391234532837338,0.00418387874244048,"SLC26A3"
"ENSG00000228705",6.57017566710948,3.0207835623539,0.852051877784634,3.54530474154701,0.000392159413744296,0.00419020332772445,"LINC00659"
"ENSG00000242534",57.5908521054267,-2.01959656434166,0.569698137051584,-3.54502925846638,0.000392569507434929,0.00419164436617262,"IGKV2D-28"
"ENSG00000160856",22.6795769797449,-1.61983843453368,0.457003860835939,-3.54447428862135,0.000393396871883723,0.00419555896349046,"FCRL3"
"ENSG00000243064",29.7135250941262,-1.87688452317708,0.529533951319875,-3.5444082829796,0.000393495383269548,0.00419555896349046,NA
"ENSG00000163464",9.01508611847609,1.71378675072017,0.48359258795613,3.54386480149203,0.000394307389325398,0.00420194537171771,"CXCR1"
"ENSG00000185245",13.4238601185513,-1.0430420175892,0.294339330464748,-3.54367191072387,0.000394595960258398,0.00420194537171771,"GP1BA"
"ENSG00000075702",76.5421415417231,1.01926730340236,0.287677100602588,3.54309502309128,0.00039546018114604,0.00420758247772275,"WDR62"
"ENSG00000165478",9.07872680794517,-3.25346496624193,0.918384092361461,-3.54259725674933,0.000396207293390434,0.00421374756250317,"HEPACAM"
"ENSG00000169860",282.155165762929,-1.31386575888195,0.370903908346133,-3.54233462985198,0.000396602009131711,0.00421448160759576,"P2RY1"
"ENSG00000155011",26.1667596682599,2.4914054835656,0.703324299810065,3.54232817526483,0.000396611714693565,0.00421448160759576,"DKK2"
"ENSG00000183242",1.92260067124504,3.89005433487536,1.09832858223387,3.54179468494159,0.000397414675102074,0.00421766393580669,"WT1-AS"
"ENSG00000163810",0.696504212260982,-2.41983186674522,0.683253581271029,-3.54163071087561,0.000397661778732014,0.00421850492246274,"TGM4"
"ENSG00000187097",1653.70694130497,-1.2435151356894,0.351178083303048,-3.5409816125009,0.000398641358574594,0.00422711222883465,"ENTPD5"
"ENSG00000137441",6.77857059363858,-1.94572319533106,0.549836740823201,-3.53872895510397,0.000402058448308437,0.0042615482346855,"FGFBP2"
"ENSG00000137825",168.522744478319,-1.17904252712505,0.333249283059464,-3.53801969594834,0.000403139985589617,0.00427121036165795,"ITPKA"
"ENSG00000100985",340.563676537318,1.39564404316479,0.394536179188774,3.53742981450889,0.000404041555364262,0.00427715599320104,"MMP9"
"ENSG00000181418",11.3755353066725,2.3773598905908,0.672287541447447,3.53622482051698,0.000405889114656691,0.00428948668647489,"DDN"
"ENSG00000107807",14.8508766370281,2.15706964000014,0.610390768778048,3.53391589508867,0.000409451347304509,0.00431443262436462,"TLX1"
"ENSG00000170396",3.71057000842367,-1.32485427865915,0.375098918107654,-3.53201306296201,0.000412408982483022,0.00433832153151144,"ZNF804A"
"ENSG00000115590",213.675925652309,-1.71069140101607,0.484398801099746,-3.53157645545826,0.000413090424753207,0.00434115940787879,"IL1R2"
"ENSG00000187783",118.428019786657,-2.14024038115129,0.606076580509739,-3.53130355136185,0.000413516898219087,0.00434115940787879,"TMEM72"
"ENSG00000256663",4.36898103228067,1.51237844044194,0.42867885692256,3.52799867784277,0.000418714248054096,0.00437716629278182,NA
"ENSG00000244306",3.38782926210441,3.17503535544988,0.899997249378061,3.52782784352283,0.00041898455878444,0.0043781708718552,NA
"ENSG00000205866",15.9764816708525,-4.88982464825554,1.38652851730144,-3.52666720319063,0.000420825356256308,0.00439557856528565,"FAM99A"
"ENSG00000203814",5.59975283760182,1.66423415119976,0.471948884863639,3.52630169193133,0.000421406625924728,0.00439799415121027,"H2BC18"
"ENSG00000249948",106.975022478352,-2.34207918489561,0.664725912598586,-3.52337578617902,0.00042608676592932,0.00444314793135674,"GBA3"
"ENSG00000189280",16.4767715497696,2.74204615396886,0.778714677859414,3.52124626892406,0.000429523507853126,0.00447341702273391,"GJB5"
"ENSG00000173811",1.6767980989114,-1.78146063392598,0.50610354394828,-3.51995289348938,0.000431623449237168,0.00448970567168017,"CCDC13-AS1"
"ENSG00000086696",599.44089983366,-1.70912091410598,0.485726460888172,-3.51869015120317,0.000433682898229511,0.00450545218700568,"HSD17B2"
"ENSG00000176399",20.3309981089664,-1.79141037370974,0.509395835920623,-3.51673540964888,0.000436889052338127,0.00452549741735053,"DMRTA1"
"ENSG00000254389",7.48443629942498,1.69332562498734,0.481517969292832,3.51664056789864,0.000437045172572112,0.00452549741735053,"RHPN1-AS1"
"ENSG00000224373",818.775598433753,-1.59744125768375,0.454397444925781,-3.51551549314867,0.00043890115032023,0.00454225121235853,"IGHV4-59"
"ENSG00000233822",13.3054842487985,1.26075077823122,0.358648126047772,3.51528611657458,0.00043928044280046,0.00454225121235853,"H2BC15"
"ENSG00000165061",1.16771639253357,-2.94911546977517,0.838981691213525,-3.51511302411081,0.000439566867552264,0.00454225121235853,"ZMAT4"
"ENSG00000233217",20.1414455481817,-1.68113922666765,0.478558403694481,-3.51292384312808,0.000443204492238616,0.00457232023581636,NA
"ENSG00000062282",245.575571683031,1.32361156011513,0.3768412183844,3.5123853112187,0.000444103633114409,0.00457864831019341,"DGAT2"
"ENSG00000142494",80.7282283701869,-1.60611836565053,0.457311839693674,-3.51208568474058,0.000444604630808306,0.00458112299173577,"SLC47A1"
"ENSG00000153157",0.973051909456712,2.19386978488042,0.624700264920475,3.51187586763662,0.000444955774556506,0.00458246853735561,"SYCP2L"
"ENSG00000137571",38.4244390966648,1.45633720730722,0.414699425054869,3.51178979115907,0.000445099904487886,0.00458246853735561,"SLCO5A1"
"ENSG00000242252",3.05427187527048,-1.67561679812513,0.477293685659627,-3.51066198541764,0.000446992378228328,0.00459669611880911,"BGLAP"
"ENSG00000234155",210.493168462301,-1.310776182899,0.3734152936753,-3.51023700716119,0.000447707443755477,0.00459989197425139,"LINC02535"
"ENSG00000101144",224.242352596648,1.98311388020133,0.565463400045732,3.5070596612282,0.000453087551246006,0.00464756867361771,"BMP7"
"ENSG00000184949",15.9563760276865,1.00981309159681,0.288024157941378,3.50600136743509,0.000454892882890792,0.00466418320682517,"FAM227A"
"ENSG00000244116",36.5101522071809,-1.74429438206204,0.497710500075343,-3.50463649410248,0.000457231117085743,0.00468242673328517,"IGKV2-28"
"ENSG00000271797",3.72705400808034,-1.26760903523891,0.361796891353071,-3.50364822234439,0.000458931171045729,0.0046960094705009,NA
"ENSG00000048462",65.9076157812375,-1.84527449511481,0.526833777058278,-3.50257438962705,0.000460785094693994,0.00471306073046592,"TNFRSF17"
"ENSG00000099139",392.242629464321,-1.22280325591274,0.34923820859419,-3.50134442859208,0.000462917151765209,0.00473294179862142,"PCSK5"
"ENSG00000064692",35.6196083374074,1.27315599290422,0.363695219021888,3.50061239828285,0.000464190444044659,0.0047440301135772,"SNCAIP"
"ENSG00000241351",858.261495143986,-1.52955968000033,0.437022002449489,-3.49996034851156,0.000465327369209078,0.00474985463671541,"IGKV3-11"
"ENSG00000125531",6.58757716573116,1.51998738405927,0.434384498929246,3.49917501155317,0.000466700145027556,0.00475494306596317,"FNDC11"
"ENSG00000165023",5.13306117309423,-1.4019345184828,0.400749641180824,-3.49828015903383,0.000468268960072904,0.00476348644003288,"DIRAS2"
"ENSG00000173077",8.22139797433369,2.07788476274966,0.594233054164393,3.49675055634792,0.00047096198804839,0.00478405243397093,"DELEC1"
"ENSG00000070404",270.525985373737,1.24734654253216,0.356811713455029,3.49581164377713,0.000472622192337164,0.0047951022671075,"FSTL3"
"ENSG00000172116",14.3626075535714,-1.16131872192162,0.33223730728286,-3.49544947681899,0.00047326404115931,0.00479774046727496,"CD8B"
"ENSG00000140379",43.9943132496765,1.28828746937491,0.368595584466798,3.49512453123528,0.000473840616541214,0.00479971323429957,"BCL2A1"
"ENSG00000204444",177.441713614282,-1.98550516894326,0.568140895277911,-3.49474080363822,0.00047452233703343,0.00480150153499405,"APOM"
"ENSG00000277459",4.27033030801899,1.03647823955212,0.296635714611336,3.49411142522118,0.00047564245565352,0.00480634119542767,"YAP1-DT"
"ENSG00000130711",0.84881232668797,2.32906455635439,0.666920649751283,3.49226636965429,0.000478940371058213,0.00483415936646851,"PRDM12"
"ENSG00000186407",35.5292072468814,1.50124810693307,0.429880094968556,3.49224847696864,0.000478972457224408,0.00483415936646851,"CD300E"
"ENSG00000114455",912.590718141465,-1.71110159167729,0.490002787072536,-3.49202420235212,0.000479374809136927,0.00483606222144178,"HHLA2"
"ENSG00000204872",6.27015881165631,-1.6251458271256,0.465400605053061,-3.49192890916056,0.000479545861916872,0.00483606222144178,NA
"ENSG00000261012",25.5989379074078,-5.36863069522704,1.53751688686632,-3.49175397102081,0.000479860026828265,0.00483728934385124,NA
"ENSG00000164045",127.362267990841,1.01530523874682,0.291042546637547,3.48851138940605,0.000485718128294198,0.00489045764509675,"CDC25A"
"ENSG00000228146",8.76797366874438,-1.29002288322313,0.370182142780385,-3.48483282725079,0.000492444601587159,0.00494036937424626,NA
"ENSG00000116329",2.12934700260625,2.12684780845354,0.610400191753346,3.48434983669365,0.000493334202333321,0.00494731916952861,"OPRD1"
"ENSG00000234432",21.972153486648,1.10003238985987,0.31586738943662,3.48257663389019,0.000496613058835285,0.00497554092900503,"LINC02983"
"ENSG00000112238",1.96263418961941,3.21166143503028,0.922212884907,3.48255970784246,0.000496644454729131,0.00497554092900503,"PRDM13"
"ENSG00000188372",30.8504321830786,1.14259761392804,0.328096292660484,3.48250693314113,0.000496742357680698,0.00497554092900503,"ZP3"
"ENSG00000144339",4.76219470307409,-2.30845252732967,0.663013136282004,-3.48175986417831,0.000498130185637006,0.0049826407327532,"TMEFF2"
"ENSG00000049768",24.404074553801,1.09304543293704,0.314048350116848,3.48050047876499,0.000500477929621581,0.0050009983496302,"FOXP3"
"ENSG00000211895",14823.9193821927,-1.63609034230309,0.470295365595373,-3.47885703749574,0.00050355714687087,0.00502377715681296,"IGHA1"
"ENSG00000166473",10.7971603523668,-1.74093882483237,0.500675411714704,-3.4771805926519,0.000506716392182274,0.00504728584102813,"PKD1L2"
"ENSG00000235142",28.7921121555682,-1.78550538922214,0.513524666609317,-3.47696129381946,0.000507131022825569,0.00504740979589282,"LINC02532"
"ENSG00000233041",4668.94359702083,-1.52554276028996,0.438815940729568,-3.47649804552136,0.000508007931294754,0.00505389966482602,"PHGR1"
"ENSG00000263761",21.0722357398284,-5.33460975284792,1.53498055533906,-3.47535982413116,0.00051016854089582,0.00506760695701694,"GDF2"
"ENSG00000234235",5.91037985248556,5.4518017378564,1.56906071218264,3.47456391937358,0.000511684439592213,0.00507627521708236,"LOC105373974"
"ENSG00000016602",3847.7851911724,-3.07305455539004,0.884465217811469,-3.47447756396123,0.000511849166371681,0.00507627521708236,"CLCA4"
"ENSG00000256540",2.5180465772057,2.15919346466469,0.62147202217615,3.47432126888681,0.000512147431865442,0.00507722962927433,NA
"ENSG00000265817",3.9554643225482,1.51218916945618,0.435301269269237,3.47389101804085,0.000512969337562736,0.00508337240626543,"FSBP"
"ENSG00000174371",72.0120399777194,1.15012709329886,0.331270643703679,3.47186542230299,0.000516855367675859,0.00511784564423247,"EXO1"
"ENSG00000269667",4.81559738247366,-1.82068659449485,0.524576350571146,-3.4707752122499,0.000518958236434288,0.00513462182670476,NA
"ENSG00000253161",15.1017782234642,1.62238184081255,0.467707455580416,3.46879619184006,0.000522795890649806,0.00516242967698243,"LINC01605"
"ENSG00000254709",39.9001873549975,-1.63109447566641,0.470367455935837,-3.46770265477062,0.000524927772111316,0.00517737827352021,"IGLL5"
"ENSG00000231304",1.56415605476055,-1.54725806393698,0.446349130097163,-3.46647491751617,0.000527330933552459,0.00519240025166342,"SGO1-AS1"
"ENSG00000238098",2.59095735584933,2.56758204685828,0.740706297096502,3.46639694697204,0.000527483898073961,0.00519240025166342,NA
"ENSG00000273084",9.33889881663223,1.00914690386138,0.291439739086594,3.46262629463011,0.000534930799877969,0.00524925651375761,NA
"ENSG00000276842",1.00901270713942,-2.27899966458557,0.658241069705056,-3.46225686830319,0.000535665648462769,0.00525306607685909,NA
"ENSG00000242258",19.8833918203162,-1.23720650564788,0.357488466427104,-3.46082915069418,0.000538514460126839,0.00527412583688527,"LINC00996"
"ENSG00000239467",9.12023869078969,1.59622981274679,0.461266056580977,3.46054037571821,0.000539092384029831,0.00527772914026244,NA
"ENSG00000196924",6793.13610440093,1.20229727041879,0.347548592213174,3.45936452443271,0.000541451581399428,0.00529257864338741,"FLNA"
"ENSG00000258561",1.24443138112773,2.07303330164601,0.599425108559331,3.45836914744593,0.000543456193853189,0.00531010793457407,NA
"ENSG00000149742",19.7453685840449,-4.3222512167651,1.24997790775849,-3.45786208695153,0.000544480030785968,0.00531804417166038,"SLC22A9"
"ENSG00000099338",19.2350172975141,-1.08529154075467,0.313961312153199,-3.45676839388763,0.000546694494454098,0.00533305695706283,"CATSPERG"
"ENSG00000124564",12.2282701107681,-3.40276307700373,0.984905316106632,-3.4549139103594,0.000550468559552214,0.00535572023620081,"SLC17A3"
"ENSG00000090889",214.936467952773,1.0568721587677,0.305941733846037,3.45448836117128,0.000551338012816465,0.00535725418984052,"KIF4A"
"ENSG00000101850",37.8032059004888,1.83420724315193,0.531098993050813,3.45360708107469,0.000553142653810751,0.00536926536613286,"GPR143"
"ENSG00000168505",0.990852777325147,3.10943127967456,0.900512498988307,3.45295738056706,0.000554476599529241,0.00537608274813334,"GBX2"
"ENSG00000275437",17.2711814573494,1.17576011681143,0.340641497574861,3.45160564752696,0.000557261545391178,0.00539673984478832,NA
"ENSG00000104921",14.8296722135112,-1.61926177047024,0.46924777012766,-3.45076071438702,0.000559008953828805,0.00541157704879496,"FCER2"
"ENSG00000211800",1.70875564182263,-2.01711114109497,0.584673297668171,-3.44997992749067,0.00056062823689761,0.00542516296552709,"TRAV20"
"ENSG00000211896",8480.89682140929,1.73087879718527,0.501921661931047,3.44850387713104,0.000563701377111678,0.0054486074262283,"IGHG1"
"ENSG00000165178",8.75281346707552,-1.13454252839172,0.329105059659565,-3.44735668775594,0.000566100655057834,0.00546339307306391,NA
"ENSG00000259120",36.8685060328483,-1.08451760659794,0.314618622533867,-3.44708650067653,0.000566667117174374,0.0054667605841494,"ERLN"
"ENSG00000134962",34.2223367220404,-1.61891760166086,0.469734222544665,-3.44645445011604,0.00056799430842187,0.00547746161356486,"KLB"
"ENSG00000273132",2.94916706396542,2.81241298736642,0.816510618846672,3.44442916289194,0.000572266567275263,0.00551442910360224,"LRP11-AS1"
"ENSG00000211595",5.97536882396535,-1.7253177340877,0.501005585187854,-3.44370958148258,0.000573791685037977,0.00552700607002276,"IGKJ3"
"ENSG00000167123",211.164983816559,1.10623467109601,0.321244592310678,3.44359001699913,0.000574045462512684,0.00552733199938938,"CERCAM"
"ENSG00000229056",5.13153503952705,-1.10682332660779,0.321432681934096,-3.44340631434213,0.00057443557791121,0.00552896993814118,"HECW2-AS1"
"ENSG00000173762",44.0255442319475,-1.07493061233695,0.312285930814084,-3.4421358962114,0.000577140232735418,0.00554862708067092,"CD7"
"ENSG00000211652",214.042510257035,-1.79369832375115,0.521256588023878,-3.44110437155565,0.000579345012866687,0.00556343886830444,"IGLV7-43"
"ENSG00000115163",49.8574601783768,1.02051683255262,0.296694885851856,3.43961720008271,0.000582537498255327,0.0055918085463184,"CENPA"
"ENSG00000143217",134.958140643519,1.25087306412326,0.363691674029722,3.43937778465897,0.000583052975247225,0.0055918085463184,"NECTIN4"
"ENSG00000110777",210.709494135391,-1.42345613039526,0.413877861191228,-3.43931450283003,0.000583189296084538,0.0055918085463184,"POU2AF1"
"ENSG00000186912",6.16844009304226,-2.02335588530913,0.58856947921599,-3.43775196771053,0.000586564714195018,0.00561560298378476,"P2RY4"
"ENSG00000102886",111.152839240641,-1.08671277354802,0.31613128703818,-3.4375362961679,0.000587032037805032,0.00561793684009073,"GDPD3"
"ENSG00000163736",3.41062390409129,2.65313849027497,0.771885096594158,3.43721947992207,0.000587719153400023,0.0056209065020116,"PPBP"
"ENSG00000043591",9.95728586813751,-1.37805180426989,0.400924305466378,-3.43718698387932,0.000587789673601786,0.0056209065020116,"ADRB1"
"ENSG00000226887",9.44123482657492,1.59811372816137,0.465015826104437,3.4366867501031,0.000588876233651171,0.00562642884105676,"ERVMER34-1"
"ENSG00000255478",1.80138003374964,-1.87171448598941,0.54481682887034,-3.43549315440631,0.000591476406265816,0.00564542102767422,NA
"ENSG00000164237",1042.21396949471,-1.09496293693769,0.318865338785749,-3.43393528160619,0.000594886212406938,0.00566935358513415,"CMBL"
"ENSG00000170956",13.7776669711111,-1.2886369287874,0.375657181490662,-3.43035350388857,0.000602795370722975,0.0057295198417697,"CEACAM3"
"ENSG00000152049",68.1495386002737,1.14678372969995,0.334317383642207,3.43022464822608,0.000603081720838883,0.00573007437671152,"KCNE4"
"ENSG00000144218",36.4767008212714,-1.39372556587675,0.406375346746196,-3.42965088073418,0.000604358316006894,0.00573245083051133,"AFF3"
"ENSG00000281376",7.86669075140804,1.28361408132447,0.374278184809054,3.42957226315323,0.000604533430763766,0.00573245083051133,NA
"ENSG00000211669",318.154351325741,-1.79734085698055,0.524082890639745,-3.42949729724347,0.00060470045567966,0.00573245083051133,"IGLV3-10"
"ENSG00000274964",3.66644946904057,1.39543154795962,0.406990615336879,3.42865780038829,0.000606573800066793,0.00574804154203567,NA
"ENSG00000269899",3.54376146272344,1.46439891751861,0.427206266997739,3.4278498014786,0.000608381956149524,0.00576083155237139,NA
"ENSG00000186715",32.4723469923038,-1.38599469545242,0.40444920065971,-3.42686966173175,0.000610582065079879,0.00577731094786237,"MST1L"
"ENSG00000108187",713.193949232195,-1.16204975729761,0.339133833647479,-3.42652263503007,0.000611362805292828,0.00578201221933304,"PBLD"
"ENSG00000103375",1819.96536062705,-2.71016265638678,0.79098952702851,-3.42629398213145,0.000611877735889758,0.00578201221933304,"AQP8"
"ENSG00000169436",13.643899349862,1.72680567055322,0.504241566717572,3.42456033879573,0.000615795083611212,0.00581113900413393,"COL22A1"
"ENSG00000278195",6.54012391283412,-1.37170714624967,0.400572680673409,-3.42436519620778,0.000616237486876923,0.00581113900413393,"SSTR3"
"ENSG00000177181",178.156310167316,-1.28409046439646,0.374986466123102,-3.42436482487589,0.000616238328996734,0.00581113900413393,"RIMKLA"
"ENSG00000109321",642.505288151283,1.50101400293099,0.438543849803941,3.4227227302402,0.000619972820912917,0.00583759346660267,"AREG"
"ENSG00000152078",405.630113561267,-1.04633028029826,0.30586923121431,-3.42084189424448,0.000624276132079651,0.00587151327668178,"TLCD4"
"ENSG00000072571",181.725549021401,1.01378319240903,0.296399665412434,3.42032502296643,0.000625463580751985,0.00587840429468478,"HMMR"
"ENSG00000137877",88.6445554138493,1.24512504535461,0.36417589724062,3.41902101371615,0.000628468727691423,0.00589770261225286,"SPTBN5"
"ENSG00000062524",126.350564835776,-1.35186654401294,0.395467460059208,-3.41840146294348,0.000629901211988932,0.0059066000155114,"LTK"
"ENSG00000143228",95.6859007313268,1.16797472694496,0.341914456896244,3.41598520737422,0.000635516991669166,0.00594386956369104,"NUF2"
"ENSG00000179593",11.2872503717985,-1.31739366293879,0.385695451776877,-3.41563183301652,0.000636342185295109,0.00594937331051019,"ALOX15B"
"ENSG00000277621",1.0575998870955,-2.08578240138773,0.610872337473679,-3.4144325637885,0.000639150134795727,0.00596896396787492,NA
"ENSG00000148935",36.9060523286767,1.37964832152494,0.404137191846521,3.4138118177673,0.000640608061945332,0.00597591729946108,"GAS2"
"ENSG00000276966",15.1206273765011,1.40032716700724,0.410303413920761,3.41290644800162,0.000642740022846765,0.0059891358969826,"H4C5"
"ENSG00000256232",1.34083309786075,-1.81388692934867,0.532019292293605,-3.4094382583924,0.000650968110104339,0.00604765793811649,"LINC02387"
"ENSG00000187730",9.90411663604558,1.61750147862745,0.474509798653398,3.40878414569673,0.000652530894183749,0.00605343444139232,"GABRD"
"ENSG00000153002",6.46499209662659,-2.66545699240256,0.782327419512705,-3.40708624793288,0.000656603752022637,0.00607551873787956,"CPB1"
"ENSG00000235523",0.831361488246346,-2.31001537922201,0.678094723761829,-3.4066263875449,0.000657710910380653,0.00607681356205007,NA
"ENSG00000236081",23.0787999447698,2.1170431642982,0.621701985323706,3.4052379022015,0.000661064366066295,0.0061033095457796,"ELFN1-AS1"
"ENSG00000137674",1.15913737788887,2.81924199159373,0.82865201316911,3.40220254918802,0.000668450762838166,0.00615243178734234,"MMP20"
"ENSG00000248571",1.64562961190746,-1.97993445727387,0.582038157382279,-3.40172621358476,0.000669616846196085,0.00615243178734234,NA
"ENSG00000080493",1181.25538001924,-1.97093205854071,0.579422337278548,-3.40154656066223,0.000670057132702876,0.00615243178734234,"SLC4A4"
"ENSG00000128510",1.99398795627484,2.97265592513925,0.874020436529461,3.40112862456969,0.000671082436080501,0.00615959558113187,"CPA4"
"ENSG00000174175",55.1970515405765,1.18660734865117,0.34894912427684,3.40051676905707,0.000672586104098929,0.00616439145955878,"SELP"
"ENSG00000272502",14.7268468439166,1.37995378433388,0.405939146142439,3.39941047185845,0.000675312844044447,0.00618487138618112,NA
"ENSG00000187848",2.41250027479137,-2.32751941709614,0.684738754471774,-3.39913492831533,0.000675993585229292,0.00618659679184171,"P2RX2"
"ENSG00000188766",11.714892404128,1.22664589617878,0.360908544190235,3.39877211533183,0.000676890902020357,0.00619255378910578,"SPRED3"
"ENSG00000172794",96.9663478903702,-1.04370765085312,0.307259961611839,-3.39682282513474,0.000681730913421351,0.00622776429850671,"RAB37"
"ENSG00000168913",6.94096393102083,-1.55011189392063,0.456481863925148,-3.39577980292949,0.000684333889826804,0.00624700144759804,"ENHO"
"ENSG00000187045",156.627072992636,-1.98236069619893,0.583888182976722,-3.3951032988759,0.000686027115894273,0.00625489508091434,"TMPRSS6"
"ENSG00000153162",59.9894630070839,-1.22954890172225,0.362160716591882,-3.39503663813386,0.000686194172061631,0.00625489508091434,"BMP6"
"ENSG00000101204",12.7327505706794,-3.66618745084972,1.08012793585134,-3.39421593420791,0.000688254010495554,0.00626685200643614,"CHRNA4"
"ENSG00000256843",0.792429222583918,-2.25458244592804,0.664266227060064,-3.3940946477235,0.000688558907567358,0.00626735744515584,NA
"ENSG00000168334",2.51548264670274,2.42718990274813,0.715452562335481,3.39252388002491,0.000692518953431182,0.0062946175790711,"XIRP1"
"ENSG00000116833",369.059669387694,-1.01751050011003,0.299948066326755,-3.3922889137801,0.000693113141114347,0.00629740648927862,"NR5A2"
"ENSG00000163629",163.297859667546,1.16269798561827,0.342770773769328,3.39205695057516,0.000693700199399796,0.00630046249046486,"PTPN13"
"ENSG00000104938",28.5605220325657,-2.96458086710529,0.874329262704213,-3.3906915776056,0.000697165095586246,0.00632507437443247,"CLEC4M"
"ENSG00000260339",4.23948288328805,-1.03626993782922,0.305863654936945,-3.38801266872603,0.00070401012483765,0.00636925919147192,"HEXA-AS1"
"ENSG00000180720",4.71217188359538,-1.94498089491513,0.574080696922439,-3.38799215047968,0.000704062792324579,0.00636925919147192,"CHRM4"
"ENSG00000280040",2.71153596340794,-1.22945419505301,0.363148587946878,-3.38554034315248,0.000710382665752451,0.00640567878472366,NA
"ENSG00000153303",328.433597167339,-1.37273945040591,0.40549990353844,-3.3853015461341,0.000711001006922727,0.0064066652739172,"FRMD1"
"ENSG00000211593",10.50474324293,-1.71565158336355,0.506877249350101,-3.38474765944475,0.000712437167280674,0.00641499765350434,"IGKJ5"
"ENSG00000211594",9.63289234816462,-1.65409557283695,0.488883640828171,-3.38341362790316,0.000715907218628541,0.00643932151444305,"IGKJ4"
"ENSG00000108375",562.495504978707,1.21895919536684,0.360299731005981,3.38318097536023,0.000716513994657591,0.00644247341672269,"RNF43"
"ENSG00000137872",216.500341034373,-1.41993530897335,0.419828200514973,-3.38218182397375,0.000719125295909605,0.00645671232994079,"SEMA6D"
"ENSG00000163815",179.78362141742,-1.50787528263352,0.445886473732413,-3.38174708465911,0.000720264253579131,0.00646232094134135,"CLEC3B"
"ENSG00000172367",281.747696445762,-1.32364590653061,0.391502376953744,-3.3809396428952,0.000722384088869391,0.00646902495484,"NHERF4"
"ENSG00000256162",26.4074640214278,-3.08528850457382,0.912571200153623,-3.38087428581402,0.000722555928862197,0.00646902495484,"SMLR1"
"ENSG00000272070",10.2359147028267,1.61155563795023,0.476911461400103,3.37915057276894,0.000727101729713518,0.00650046018122747,NA
"ENSG00000241119",14.0320205754179,-3.37398377203786,0.99883255518728,-3.37792731576039,0.0007303438218979,0.00652089500919157,"UGT1A9"
"ENSG00000241657",2.65731614008007,-1.52907571480372,0.45267096265452,-3.37789662017864,0.000730425349205136,0.00652089500919157,"TRBV11-2"
"ENSG00000164342",170.472660551321,-1.01858131984766,0.301552392704949,-3.37779219959394,0.000730702753039393,0.00652105500235546,"TLR3"
"ENSG00000270547",7.65343594419457,2.16378147791651,0.640706341530874,3.37718130391291,0.000732327621133833,0.00652904852941708,"LINC01235"
"ENSG00000265222",1.32198743913661,-1.68873743862036,0.500122338258385,-3.37664869060075,0.00073374701083128,0.00653455926738372,"LOC105371734"
"ENSG00000180785",16.7180494814172,1.42545986436541,0.422238674274145,3.37595760695266,0.000735592525604051,0.00654609623263293,"OR51E1"
"ENSG00000229267",2.58353711630276,1.65407816929268,0.489998517529859,3.37567994619879,0.000736335222349251,0.00655038600809169,"SNHG31"
"ENSG00000143184",5.33137199193057,-1.55993637872404,0.462131554138223,-3.37552449027851,0.000736751345390805,0.00655176859908575,"XCL1"
"ENSG00000164850",63.1211256520411,-1.3623333648375,0.403637115288312,-3.37514394300536,0.000737770912956474,0.00655619547861002,"GPER1"
"ENSG00000135638",4.03538097708922,-1.86102880658049,0.551489969588227,-3.37454697130764,0.000739372968591549,0.0065657887186128,"EMX1"
"ENSG00000258077",1.67960466996142,3.03841138052325,0.900591863510927,3.37379394998985,0.000741398413292466,0.00657680322077408,NA
"ENSG00000112175",66.710057751453,-1.7461409929487,0.517609622392897,-3.37347088888404,0.000742268947981652,0.00658204448307478,"BMP5"
"ENSG00000211750",3.14277797777236,-1.7377155641736,0.515140719548531,-3.37328325684782,0.000742774985237359,0.00658204448307478,"TRBV24-1"
"ENSG00000143590",98.0669430570636,1.34782150796228,0.399824509829271,3.37103272767799,0.000748869607145289,0.00663137494614809,"EFNA3"
"ENSG00000224786",1.57204116793788,-1.59708260731157,0.473836549909937,-3.37053485556387,0.000750224144979699,0.00663710083834329,NA
"ENSG00000272599",4.37236010347109,1.09560143167422,0.325269061104228,3.36829278491739,0.000756352284399238,0.00668350536541394,NA
"ENSG00000126838",39.5689076347943,-2.9270090283189,0.869031058141971,-3.36812936763961,0.000756800757151514,0.00668511768997353,"PZP"
"ENSG00000189221",2438.2891453451,-1.05101115239586,0.312075042875688,-3.36781545461334,0.000757662934378185,0.00669038201119402,"MAOA"
"ENSG00000198848",724.998034677842,-1.9657134389329,0.58373571265667,-3.36747160797588,0.000758608372307075,0.00669637759200882,"CES1"
"ENSG00000211685",34.065450655018,-1.61157631447043,0.478640503747237,-3.36698691785073,0.00075994293285966,0.00670580261435959,"IGLC7"
"ENSG00000122133",2.21646231652435,2.73395936561949,0.812024388308216,3.36684390885779,0.000760337114473048,0.00670692594728752,"PAEP"
"ENSG00000073464",72.1534095644681,1.12931061762258,0.335569971845889,3.36535063435656,0.000764464444955459,0.00673149029997726,"CLCN4"
"ENSG00000233330",2.62014564835798,-1.27590124854955,0.379139525675232,-3.36525516899675,0.0007647290122333,0.00673149029997726,NA
"ENSG00000273472",7.53035037752,-1.11842506762595,0.332478629445074,-3.36390061969598,0.000768492105480849,0.00675987927995772,NA
"ENSG00000171658",27.205642434775,-1.35792132149527,0.403696228751567,-3.36372060173723,0.000768993508217945,0.0067619229723671,NA
"ENSG00000117560",12.5584043096255,-1.11370561816607,0.331105450381953,-3.36359796216382,0.000769335269267173,0.00676237945311067,"FASLG"
"ENSG00000163421",2.59572478302707,2.39197219618702,0.711227698199596,3.36315950889154,0.000770558265423828,0.00676237945311067,"PROK2"
"ENSG00000109265",323.216545636624,-1.10303025844998,0.328058349102777,-3.36229899792739,0.000772963773902121,0.0067754979427744,"CRACD"
"ENSG00000198723",25.1192491050474,1.42430019347829,0.423724204759461,3.36138501761266,0.000775526386276863,0.00679322189387377,"SAXO5"
"ENSG00000180875",219.538399489322,-1.86301523079877,0.55463222347038,-3.35901008264851,0.000782222133690408,0.00684292346404003,"GREM2"
"ENSG00000279017",2.41768581148659,3.15759447130652,0.940233991459089,3.35830708099209,0.000784214403053493,0.00684753550406381,NA
"ENSG00000104888",5.80249495193083,-1.38840405097624,0.413551994510888,-3.3572660013847,0.000787173420948343,0.00686625209483208,"SLC17A7"
"ENSG00000159261",14.454403277268,2.59903901234249,0.774200680377998,3.35706113184184,0.00078775693220204,0.00686684684813371,"CLDN14"
"ENSG00000230524",2.11940104817777,1.71987681085333,0.5125709542113,3.35539264705261,0.000792524096078645,0.00689392253352177,NA
"ENSG00000244734",157.512541373502,-1.62344093622356,0.483905685358813,-3.35487055709996,0.000794021292978393,0.00690229993560706,"HBB"
"ENSG00000231327",2.73781811212029,1.70774617227043,0.509111508812461,3.35436567964034,0.000795471625915409,0.00691093800521718,"LINC01816"
"ENSG00000274370",3.42086717845845,-1.21657174863541,0.362686612417363,-3.35433320939743,0.000795564985440026,0.00691093800521718,NA
"ENSG00000196081",6.47720663839346,1.09407063657671,0.326180817327397,3.35418448436396,0.000795992734586729,0.0069115204268112,"ZNF724"
"ENSG00000119121",602.777341229187,-1.95124775487793,0.581746784389335,-3.35411867712542,0.000796182071370755,0.0069115204268112,"TRPM6"
"ENSG00000074410",2416.37138981313,-1.37923471845574,0.411509017193168,-3.35165126602393,0.000803311400737246,0.00696619006622765,"CA12"
"ENSG00000154928",34.8160275778938,1.93308178805604,0.576934035474889,3.35061145502513,0.000806333533074507,0.00698049347744395,"EPHB1"
"ENSG00000204334",2.88700898593159,2.17304642956959,0.648706185461664,3.34981610823257,0.000808652266181872,0.00699320031019154,"ERICH2"
"ENSG00000198963",4.64087989318822,-1.50222034777726,0.448530140893054,-3.34920713418777,0.000810431833762169,0.00700376974356158,"RORB"
"ENSG00000170962",128.874149551033,-1.09730169212444,0.327738419785954,-3.34810210179537,0.000813670285055451,0.00702933926907134,"PDGFD"
"ENSG00000238279",17.1937797521064,1.1706706505239,0.349739851531309,3.34726124403098,0.000816142575868185,0.00704585334048209,NA
"ENSG00000272463",12.8855153537892,-1.28964489355585,0.385306186545952,-3.34706510974238,0.000816720251688533,0.00704688539482177,NA
"ENSG00000243479",14.812201206254,1.23321355091539,0.368673801266935,3.34499914742381,0.000822828233249656,0.00708896000335862,NA
"ENSG00000177822",1.18692826732586,3.6493375824445,1.09110763367919,3.34461740510329,0.000823961476136581,0.00709525264463538,NA
"ENSG00000125895",68.6536826398463,1.40904585631065,0.421310888022974,3.34443257073816,0.00082451069682528,0.00709615695956031,"TMEM74B"
"ENSG00000211677",2249.2157564506,-1.52855039925207,0.457079845591216,-3.34416495060057,0.000825306510780895,0.00710057443424672,"IGLC2"
"ENSG00000138075",54.360498050741,-2.67176184371832,0.799088472319346,-3.34351193424623,0.00082725135763872,0.0071075739722457,"ABCG5"
"ENSG00000101489",4.26056503145154,-1.75616440811913,0.525497707500773,-3.34190688760816,0.00083204967223073,0.00714147551667708,"CELF4"
"ENSG00000092445",72.6127664346592,1.12826683121699,0.337677697341969,3.34125362764003,0.000834009986266252,0.00714582868285045,"TYRO3"
"ENSG00000136011",51.4615788752943,-1.23788050061145,0.370495703000311,-3.34114671394828,0.000834331222418808,0.00714582868285045,"STAB2"
"ENSG00000237152",1.58492191414634,2.15606122556603,0.645324699359414,3.34104866543347,0.000834625922878491,0.00714582868285045,NA
"ENSG00000101825",617.512668537322,1.04355514329511,0.312349988356822,3.34098025354485,0.000834831602914685,0.00714582868285045,"MXRA5"
"ENSG00000239205",15.4979050679666,-2.46518418582066,0.738001797608968,-3.34034983899436,0.000836729155531686,0.00715845136420261,"LINC02023"
"ENSG00000235532",3.96761333311427,-1.82547572153737,0.546514303603354,-3.34021581777713,0.000837133075747195,0.00715845136420261,"LINC00402"
"ENSG00000263508",6.09066205247305,-1.28417483847109,0.384459701652386,-3.34020661450805,0.000837160819680533,0.00715845136420261,NA
"ENSG00000112541",28.3429208129574,1.08263478828407,0.324255294123588,3.33883457850784,0.000841306477938057,0.00718900819349246,"PDE10A"
"ENSG00000211965",309.40889835336,-1.5812371157143,0.473648877283186,-3.33841626477434,0.000842574211333474,0.00719364921142661,"IGHV3-49"
"ENSG00000180438",2.64015987985331,2.71403770438316,0.813023070645059,3.33820503055321,0.000843215046661661,0.00719364921142661,NA
"ENSG00000099957",5.30480188291016,-1.18591220956161,0.355315937503937,-3.33762740250984,0.000844969744362764,0.00720394345983508,"P2RX6"
"ENSG00000196196",139.551396680771,-1.43564923692054,0.430213741701338,-3.33706039059345,0.000846695486118369,0.00721298449547143,"HRCT1"
"ENSG00000148702",277.42244765128,-3.40020848883733,1.01895839501017,-3.3369453605644,0.000847045986940676,0.00721319732521726,"HABP2"
"ENSG00000107295",3.22329578947146,-1.72694083138653,0.517624920287113,-3.33627838170667,0.000849080950259812,0.0072259577924075,"SH3GL2"
"ENSG00000148483",402.204781037788,-1.65807179730718,0.496996645962376,-3.33618307241595,0.000849372110419643,0.00722598866179961,"TMEM236"
"ENSG00000135374",11.9990152239966,4.41603643567885,1.32441952475457,3.33431843395482,0.000855087050310185,0.007254233811574,"ELF5"
"ENSG00000002746",5.49717691461364,1.12230788932722,0.336599558943413,3.33425240618304,0.000855290071373752,0.007254233811574,"HECW1"
"ENSG00000169752",8.94660559981733,-1.52295017443337,0.456840432316842,-3.33365890297802,0.000857116972680607,0.00726536288137227,"NRG4"
"ENSG00000228168",7.52338684997914,1.68426389846114,0.505232943580684,3.33363831448606,0.000857180412369932,0.00726536288137227,"HNRNPA1P21"
"ENSG00000211625",93.1597618788719,-1.65995457025614,0.498108616909147,-3.33251526656265,0.000860647484118275,0.00728737598496508,"IGKV3D-20"
"ENSG00000174123",22.1387031897203,-1.36018425062162,0.408422228992539,-3.33033844405778,0.000867404826817655,0.00732731116058975,"TLR10"
"ENSG00000205364",159.430778698807,-1.8151130491569,0.545133050583952,-3.32966978834348,0.000869490338901083,0.00734246025098223,"MT1M"
"ENSG00000160801",26.3155346333502,-1.50931669346116,0.453516354222101,-3.32803145776304,0.000874619897452543,0.00737262605028233,"PTH1R"
"ENSG00000197587",2.30827587813433,3.05793071131965,0.918991272807398,3.32748612723826,0.000876333523395373,0.00737880516002325,"DMBX1"
"ENSG00000267013",1.39954933635377,2.38394703910519,0.716447935069885,3.3274532906186,0.000876436807236855,0.00737880516002325,"LINC01929"
"ENSG00000227471",3.72260525860005,-2.15147735146169,0.646661585745844,-3.32705297312539,0.000877696868042329,0.00738553169069271,"AKR1B15"
"ENSG00000086159",2.42492988996539,1.67756047415068,0.504414334136603,3.32575892598718,0.000881781579052612,0.00741634968646961,"AQP6"
"ENSG00000225731",1.29829025084613,-1.81333831260185,0.545337649371203,-3.32516618776038,0.000883658459474915,0.00742964896121247,"PDE9A-AS1"
"ENSG00000277494",9.03669148284397,-1.10844580521972,0.333415324007286,-3.32451967683255,0.000885709831113448,0.00744440594170972,"GPIHBP1"
"ENSG00000228791",1.6696100816409,-1.83632864831019,0.552521015263877,-3.32354534502762,0.00088880971571587,0.00745549965475819,NA
"ENSG00000249082",2.75526505827889,-1.60506612449593,0.483136177439131,-3.3221816114115,0.000893165392931618,0.00748703785515827,"EPIST"
"ENSG00000168646",879.654482286082,1.11055036422014,0.334331477625639,3.32170447158331,0.000894694013204098,0.00749735086556592,"AXIN2"
"ENSG00000169715",1250.51922578906,-1.51051846705097,0.454909953971475,-3.32047794044465,0.000898634605844361,0.00752786209315822,"MT1E"
"ENSG00000135069",296.190801662662,1.3719257366289,0.413188274658793,3.32034043744786,0.000899077376113148,0.00752906149253566,"PSAT1"
"ENSG00000257831",2.73398511516065,2.2952315096331,0.691659955693297,3.31843919940751,0.00090522027232106,0.00757293297726383,NA
"ENSG00000176826",7.62808022024188,1.35636896755453,0.409009548288843,3.3162281253069,0.000912413162524789,0.00761614686987802,NA
"ENSG00000134201",26.9017570469908,-1.59006358660757,0.479590428096553,-3.31546147181956,0.000914919519891441,0.00762868031001719,"GSTM5"
"ENSG00000112782",990.35216295789,-1.10733652174906,0.334285364463623,-3.31254861703514,0.000924500561985161,0.00768307659498977,"CLIC5"
"ENSG00000232871",1.55597553064245,-2.07365894598023,0.626051642034455,-3.31228097931592,0.000925385530732411,0.00768775079714209,NA
"ENSG00000158022",0.85444315741971,-2.17884182606861,0.658178075418714,-3.31041386433678,0.000931581190115853,0.00771424592176636,"TRIM63"
"ENSG00000143858",11.9715304272364,-1.06466130885648,0.321785624521462,-3.30860432450882,0.000937622450333418,0.00775877174821506,"SYT2"
"ENSG00000247925",0.985852788600872,-2.02685649643288,0.612628433091723,-3.30845972362732,0.000938106771989035,0.00776022425505478,NA
"ENSG00000254290",220.08034103189,1.25249514009214,0.378633136763528,3.30793852539739,0.000939854380844495,0.0077721225551178,NA
"ENSG00000224220",5.8619144280691,-1.73440931264921,0.524478737421731,-3.30692016453392,0.000943277712543777,0.00779548242650348,NA
"ENSG00000176697",4.56741221067973,1.13140277793377,0.34216682637214,3.30658231813291,0.000944415969567532,0.00780214258093414,"BDNF"
"ENSG00000137727",27.4743569309685,-1.24823155316886,0.377517647543035,-3.30641908078369,0.0009449663973551,0.00780412439432501,"ARHGAP20"
"ENSG00000006555",427.682643768674,-1.12754785233808,0.341145382881196,-3.30518280158212,0.000949144724040942,0.00783091137881579,"TTC22"
"ENSG00000153233",179.174461054065,-1.31759935661499,0.398678521043348,-3.30491683667033,0.00095004585553713,0.00783375865155288,"PTPRR"
"ENSG00000175894",9.61919226913653,1.94930637025541,0.5898236461922,3.30489695155458,0.000950113261308073,0.00783375865155288,"TSPEAR"
"ENSG00000162949",219.325262601771,-1.45902352847653,0.441547710399473,-3.30433947252616,0.000952004785391757,0.0078416362706261,"CAPN13"
"ENSG00000115461",2537.710066975,1.12419795406724,0.340246391835086,3.30407017104277,0.000952919773173813,0.0078466011859866,"IGFBP5"
"ENSG00000265206",38.4669100016092,-1.15028198864412,0.348221461446153,-3.30330584412299,0.000955521114654517,0.00786544419665334,"MIR142HG"
"ENSG00000253364",2.89545292107811,-1.58480527510319,0.480440939685752,-3.29864743862125,0.000971518458579784,0.00798144177266053,NA
"ENSG00000280135",7.48798809749287,-1.15646278247533,0.350672785731747,-3.29784012198764,0.000974315938122974,0.00800063449643843,NA
"ENSG00000187642",3.29699341443953,1.78643937570562,0.541734934537366,3.29762631466847,0.000975058062599516,0.00800267281880745,"PERM1"
"ENSG00000091482",2.21331839514739,4.39220178575768,1.33217603395786,3.29701306268704,0.00097718956301374,0.00801231677262588,"SMPX"
"ENSG00000083782",1.13031930483358,3.63996102665277,1.10405490938935,3.29690217007959,0.00097757545650491,0.00801286653536363,"EPYC"
"ENSG00000189068",3.10835471902758,1.64553852191008,0.49916253665668,3.29659860479848,0.000978632550689331,0.00801479599929353,"VSTM1"
"ENSG00000142700",1.9354337964187,3.86794385286347,1.17335845172232,3.29647248646473,0.000979072039058977,0.00801479599929353,"DMRTA2"
"ENSG00000172987",21.0026382872754,-1.67979705617799,0.509574759811244,-3.29646832743485,0.000979086535268439,0.00801479599929353,"HPSE2"
"ENSG00000276953",3.51185501931952,-1.48882359089776,0.451834611017218,-3.29506318151671,0.000983995533708015,0.00804449959584129,"TRBV12-4"
"ENSG00000102466",4.87497172086579,-1.03492661568373,0.314123558849964,-3.29464819344558,0.000985449683643269,0.00805376780476065,"FGF14"
"ENSG00000274767",4.58603309129959,-1.2779282351224,0.388038989226826,-3.29329853597622,0.000990192756672804,0.0080872714227963,NA
"ENSG00000130287",0.840744256829005,-2.16310898700272,0.656911317781454,-3.29284779916421,0.000991781473861419,0.00809761540598159,"NCAN"
"ENSG00000120658",11.1801357878296,1.06397600184022,0.32326782874049,3.29131422073661,0.000997204587098267,0.0081366066488203,"ENOX1"
"ENSG00000204020",1.05896224314603,2.55108263844887,0.77517888375524,3.29095992152228,0.000998461374624191,0.00814421707422283,"LIPN"
"ENSG00000239975",7.61336150474691,-1.58861100235952,0.482761839094868,-3.29067228125986,0.000999482784582833,0.00814725976625079,"IGKV1D-33"
